"vehicle_id","year","make","model","description","body_style","drivetrain","mileage.value","mileage.unit","URL","title","price","state_of_vehicle","exterior_color","address.addr1","address.city","address.region","address.country","latitude","longitude","sale_price","fueltype","yardname","image[0].url","custom_label_0","custom_label_1","custom_label_2","custom_label_3","custom_label_4"
"95141","2025","Ford","Everest","2025 Ford Everest New Gen Sport 4WD 2.0 Bi Turbo 10spd ON SALE","SUV","4WD","17500","KM","https://www.avoncityford.com/vehicles/stock/130712/1002/ford-everest-new-gen-sport-4wd-2-0-bi-turbo-10spd-on-sale","2025 Ford Everest New Gen Sport 4WD 2.0 Bi Turbo 10spd ON SALE","74990 NZD","USED","Blue Lightning","Corner Main South Road & Epsom Road<br/>Sockburn<br/>Christchurch","Christchurch","Canterbury","New Zealand","","","66995 NZD","Diesel","Used Cars","https://dataapi.autoplay.co.nz/image.ashx?id=92421976&w=500&h=375&l=true","SALE","","$66,995","2025 Ford Everest","2025 Ford Everest Sport"
"95183","2025","Ford","Everest","2025 Ford Everest New Gen Sport 4WD 2.0 Bi Turbo 7str","SUV","4WD","18500","KM","https://www.avoncityford.com/vehicles/stock/130713/1002/ford-everest-new-gen-sport-4wd-2-0-bi-turbo-7str","2025 Ford Everest New Gen Sport 4WD 2.0 Bi Turbo 7str","65990 NZD","USED","Aluminium Silver","Corner Main South Road & Epsom Road<br/>Sockburn<br/>Christchurch","Christchurch","Canterbury","New Zealand","","","","Diesel","Used Cars","https://dataapi.autoplay.co.nz/image.ashx?id=92799663&w=500&h=375&l=true","","","$65,990","2025 Ford Everest","2025 Ford Everest Sport"
"95684","2025","Ford","Ranger","2025 Ford Ranger New Gen XLT 4WD 2.0 Bi Turbo 10spd","Other","4WD","22416","KM","https://www.avoncityford.com/vehicles/stock/159998/1002/ford-ranger-new-gen-xlt-4wd-2-0-bi-turbo-10spd","2025 Ford Ranger New Gen XLT 4WD 2.0 Bi Turbo 10spd","54990 NZD","USED","Aluminium Silver","Corner Main South Road & Epsom Road<br/>Sockburn<br/>Christchurch","Christchurch","Canterbury","New Zealand","","","","Diesel","Used Cars","https://dataapi.autoplay.co.nz/image.ashx?id=93165576&w=500&h=375&l=true","","","$54,990","2025 Ford Ranger","2025 Ford Ranger XLT"
"95232","2025","Ford","Ranger","2025 Ford Ranger New Gen Wildtrak 4WD 3.0 V6 T.Diesel 10spd","Other","4WD","25000","KM","https://www.avoncityford.com/vehicles/stock/159588/1002/ford-ranger-new-gen-wildtrak-4wd-3-0-v6-t-diesel-10spd","2025 Ford Ranger New Gen Wildtrak 4WD 3.0 V6 T.Diesel 10spd","73990 NZD","USED","Luxe Yellow","Corner Main South Road & Epsom Road<br/>Sockburn<br/>Christchurch","Christchurch","Canterbury","New Zealand","","","69990 NZD","Diesel","Used Cars","https://dataapi.autoplay.co.nz/image.ashx?id=93265774&w=500&h=375&l=true","SALE","","$69,990","2025 Ford Ranger","2025 Ford Ranger Wildtrak"
"95305","2025","Mahindra","XUV700","2025 Mahindra XUV700 AX7L 2.0 litre 6 spd Auto 7 Seater ON SALE","SUV","2WD","10458","KM","https://www.avoncityford.com/vehicles/stock/142526/1002/mahindra-xuv700-ax7l-2-0-litre-6-spd-auto-7-seater-on-sale","2025 Mahindra XUV700 AX7L 2.0 litre 6 spd Auto 7 Seater ON SALE","41990 NZD","USED","BLUE","Corner Main South Road & Epsom Road<br/>Sockburn<br/>Christchurch","Christchurch","Canterbury","New Zealand","","","33995 NZD","Petrol","Used Cars","https://dataapi.autoplay.co.nz/image.ashx?id=93666494&w=500&h=375&l=true","SALE","","$33,995","2025 Mahindra XUV700","2025 Mahindra XUV700 AX7L"
"95285","2025","Ford","Ranger","2025 Ford Ranger New Gen Sport 4WD 2.0 Bi-Turbo 10spd SALE","Other","4WD","17000","KM","https://www.avoncityford.com/vehicles/stock/142415/1002/ford-ranger-new-gen-sport-4wd-2-0-bi-turbo-10spd-sale","2025 Ford Ranger New Gen Sport 4WD 2.0 Bi-Turbo 10spd SALE","61990 NZD","USED","WHITE","Corner Main South Road & Epsom Road<br/>Sockburn<br/>Christchurch","Christchurch","Canterbury","New Zealand","","","56990 NZD","Diesel","Used Cars","https://dataapi.autoplay.co.nz/image.ashx?id=93631243&w=500&h=375&l=true","SALE","","$56,990","2025 Ford Ranger","2025 Ford Ranger Sport"
"95264","2025","Mahindra","XUV700","2025 Mahindra XUV700 AX7L 2.0 litre 6spd Auto 7 Seater ON SALE","SUV","2WD","12634","KM","https://www.avoncityford.com/vehicles/stock/143445/1002/mahindra-xuv700-ax7l-2-0-litre-6spd-auto-7-seater-on-sale","2025 Mahindra XUV700 AX7L 2.0 litre 6spd Auto 7 Seater ON SALE","39990 NZD","USED","Platinum White","Corner Main South Road & Epsom Road<br/>Sockburn<br/>Christchurch","Christchurch","Canterbury","New Zealand","","","33995 NZD","Petrol","Used Cars","https://dataapi.autoplay.co.nz/image.ashx?id=94198720&w=500&h=375&l=true","SALE","","$33,995","2025 Mahindra XUV700","2025 Mahindra XUV700 AX7L"
"95400","2021","Ford","Everest","2021 Ford Everest Sport 4WD 2.0L Bi-Turbo 7-Seater","SUV","4WD","83000","KM","https://www.avoncityford.com/vehicles/stock/148316/1002/ford-everest-sport-4wd-2-0l-bi-turbo-7-seater","2021 Ford Everest Sport 4WD 2.0L Bi-Turbo 7-Seater","42995 NZD","USED","Deep Crystal Blue","Corner Main South Road & Epsom Road<br/>Sockburn<br/>Christchurch","Christchurch","Canterbury","New Zealand","","","","Diesel","Used Cars","https://dataapi.autoplay.co.nz/image.ashx?id=94960191&w=500&h=375&l=true","","","$42,995","2021 Ford Everest","2021 Ford Everest Sport"
"95415","2025","Ford","Ranger","2025 Ford Ranger New Gen Sport 4WD 2.0 Bi Turbo 10spd","Other","4WD","27000","KM","https://www.avoncityford.com/vehicles/stock/144800/1002/ford-ranger-new-gen-sport-4wd-2-0-bi-turbo-10spd","2025 Ford Ranger New Gen Sport 4WD 2.0 Bi Turbo 10spd","55995 NZD","USED","Arctic White","Corner Main South Road & Epsom Road<br/>Sockburn<br/>Christchurch","Christchurch","Canterbury","New Zealand","","","","Diesel","Used Cars","https://dataapi.autoplay.co.nz/image.ashx?id=95117568&w=500&h=375&l=true","","","$55,995","2025 Ford Ranger","2025 Ford Ranger Sport"
"95489","2026","Ford","Everest","2026 Ford Everest New Gen Sport 4WD 2.0 Bi Turbo 7 Seater","SUV","4WD","15000","KM","https://www.avoncityford.com/vehicles/stock/146108/1002/ford-everest-new-gen-sport-4wd-2-0-bi-turbo-7-seater","2026 Ford Everest New Gen Sport 4WD 2.0 Bi Turbo 7 Seater","69995 NZD","USED","Meteor Grey","Corner Main South Road & Epsom Road<br/>Sockburn<br/>Christchurch","Christchurch","Canterbury","New Zealand","","","","Diesel","Used Cars","https://dataapi.autoplay.co.nz/image.ashx?id=95989100&w=500&h=375&l=true","","","$69,995","2026 Ford Everest","2026 Ford Everest Sport"
"95455","2025","Ford","Ranger","2025 Ford Ranger New Gen Wildtrak 4WD 3.0L V6 TD 10spd ON SALE","Other","4WD","28670","KM","https://www.avoncityford.com/vehicles/stock/159205/1002/ford-ranger-new-gen-wildtrak-4wd-3-0l-v6-td-10spd-on-sale","2025 Ford Ranger New Gen Wildtrak 4WD 3.0L V6 TD 10spd ON SALE","73990 NZD","USED","Shadow Black","Corner Main South Road & Epsom Road<br/>Sockburn<br/>Christchurch","Christchurch","Canterbury","New Zealand","","","71990 NZD","Diesel","Used Cars","https://dataapi.autoplay.co.nz/image.ashx?id=96297442&w=500&h=375&l=true","SALE","","$71,990","2025 Ford Ranger","2025 Ford Ranger Wildtrak"
"95526","2024","Ford","Ranger","2024 Ford Ranger New Gen Sport 4WD 2.0 Bi Turbo 10spd SALE","Other","4WD","29561","KM","https://www.avoncityford.com/vehicles/stock/148317/1002/ford-ranger-new-gen-sport-4wd-2-0-bi-turbo-10spd-sale","2024 Ford Ranger New Gen Sport 4WD 2.0 Bi Turbo 10spd SALE","54990 NZD","USED","Aluminium Silver","Corner Main South Road & Epsom Road<br/>Sockburn<br/>Christchurch","Christchurch","Canterbury","New Zealand","","","52990 NZD","Diesel","Used Cars","https://dataapi.autoplay.co.nz/image.ashx?id=96316329&w=500&h=375&l=true","SALE","","$52,990","2024 Ford Ranger","2024 Ford Ranger Sport"
"95520","2026","Ford","Everest","2026 Ford Everest New Gen Sport 4WD 2.0 Bi Turbo 10spd 7 str SALE","SUV","4WD","16943","KM","https://www.avoncityford.com/vehicles/stock/148322/1002/ford-everest-new-gen-sport-4wd-2-0-bi-turbo-10spd-7-str-sale","2026 Ford Everest New Gen Sport 4WD 2.0 Bi Turbo 10spd 7 str SALE","69990 NZD","USED","Arctic White","Corner Main South Road & Epsom Road<br/>Sockburn<br/>Christchurch","Christchurch","Canterbury","New Zealand","","","68990 NZD","Diesel","Used Cars","https://dataapi.autoplay.co.nz/image.ashx?id=96538738&w=500&h=375&l=true","SALE","","$68,990","2026 Ford Everest","2026 Ford Everest Sport"
"95597","2025","Ford","Escape","2025 Ford Escape ST-Line X AWD FHEV 2.5L Full Hybrid Electric","SUV","AWD","13241","KM","https://www.avoncityford.com/vehicles/stock/147774/1002/ford-escape-st-line-x-awd-fhev-2-5l-full-hybrid-electric","2025 Ford Escape ST-Line X AWD FHEV 2.5L Full Hybrid Electric","48990 NZD","USED","Shadow Black","Corner Main South Road & Epsom Road<br/>Sockburn<br/>Christchurch","Christchurch","Canterbury","New Zealand","","","","Petrol Hybrid","Used Cars","https://dataapi.autoplay.co.nz/image.ashx?id=97142413&w=500&h=375&l=true","","","$48,990","2025 Ford Escape","2025 Ford Escape ST-Line X"
"95567","2016","Kia","Sportage","2016 Kia Sportage Urban EX 2.0 litre 6spd Auto NZ New","SUV","2WD","133471","KM","https://www.avoncityford.com/vehicles/stock/147896/1002/kia-sportage-urban-ex-2-0-litre-6spd-auto-nz-new","2016 Kia Sportage Urban EX 2.0 litre 6spd Auto NZ New","16690 NZD","USED","Sunset Red","Corner Main South Road & Epsom Road<br/>Sockburn<br/>Christchurch","Christchurch","Canterbury","New Zealand","","","","Petrol","Used Cars","https://dataapi.autoplay.co.nz/image.ashx?id=97181634&w=500&h=375&l=true","","","$16,690","2016 Kia Sportage","2016 Kia Sportage Urban EX"
"95607","2023","Ford","Puma","2023 Ford Puma ST-Line 1.0L Mild Hybrid","SUV","","72541","KM","https://www.avoncityford.com/vehicles/stock/147944/1002/ford-puma-st-line-1-0l-mild-hybrid","2023 Ford Puma ST-Line 1.0L Mild Hybrid","21990 NZD","USED","Magnetic Grey","Corner Main South Road & Epsom Road<br/>Sockburn<br/>Christchurch","Christchurch","Canterbury","New Zealand","","","","Petrol Hybrid","Used Cars","https://dataapi.autoplay.co.nz/image.ashx?id=97273793&w=500&h=375&l=true","","","$21,990","2023 Ford Puma","2023 Ford Puma ST-Line"
"95606","2019","Ford","Ranger","2019 Ford Ranger PX3 Wildtrak 4WD 3.2TD","Other","4WD","84252","KM","https://www.avoncityford.com/vehicles/stock/147945/1002/ford-ranger-px3-wildtrak-4wd-3-2td","2019 Ford Ranger PX3 Wildtrak 4WD 3.2TD","38990 NZD","USED","Saber Orange","Corner Main South Road & Epsom Road<br/>Sockburn<br/>Christchurch","Christchurch","Canterbury","New Zealand","","","","Diesel","Used Cars","https://dataapi.autoplay.co.nz/image.ashx?id=97275868&w=500&h=375&l=true","","","$38,990","2019 Ford Ranger","2019 Ford Ranger Wildtrak"
"95568","2018","Mitsubishi","Outlander","2018 Mitsubishi Outlander LS 2.4L CVT 7 Seater NZ New","SUV","","119550","KM","https://www.avoncityford.com/vehicles/stock/148313/1002/mitsubishi-outlander-ls-2-4l-cvt-7-seater-nz-new","2018 Mitsubishi Outlander LS 2.4L CVT 7 Seater NZ New","19990 NZD","USED","WHITE","Corner Main South Road & Epsom Road<br/>Sockburn<br/>Christchurch","Christchurch","Canterbury","New Zealand","","","","Petrol","Used Cars","https://dataapi.autoplay.co.nz/image.ashx?id=97377590&w=500&h=375&l=true","","","$19,990","2018 Mitsubishi Outlander","2018 Mitsubishi Outlander LS"
"95612","2016","Mercedes-Benz","A- Class","2016 Mercedes-Benz A- Class A180 1.6 litre 7spd Auto NZ New","Hatchback","","70582","KM","https://www.avoncityford.com/vehicles/stock/148158/1002/mercedes-benz-a-class-a180-1-6-litre-7spd-auto-nz-new","2016 Mercedes-Benz A- Class A180 1.6 litre 7spd Auto NZ New","15990 NZD","USED","Silver Metallic","Corner Main South Road & Epsom Road<br/>Sockburn<br/>Christchurch","Christchurch","Canterbury","New Zealand","","","","Petrol","Used Cars","https://dataapi.autoplay.co.nz/image.ashx?id=97429311&w=500&h=375&l=true","","","$15,990","2016 Mercedes-Benz A- Class","2016 Mercedes-Benz A- Class A180"
"95581","2023","Ford","Puma","2023 Ford Puma ST-Line 1.0L Mild Hybrid","SUV","","79211","KM","https://www.avoncityford.com/vehicles/stock/148160/1002/ford-puma-st-line-1-0l-mild-hybrid","2023 Ford Puma ST-Line 1.0L Mild Hybrid","21990 NZD","USED","Desert Island Blue","Corner Main South Road & Epsom Road<br/>Sockburn<br/>Christchurch","Christchurch","Canterbury","New Zealand","","","","Petrol Hybrid","Used Cars","https://dataapi.autoplay.co.nz/image.ashx?id=97441564&w=500&h=375&l=true","","","$21,990","2023 Ford Puma","2023 Ford Puma ST-Line"
"95620","2023","Ford","Puma","2023 Ford Puma ST-Line 1.0L Mild Hybrid","SUV","","72839","KM","https://www.avoncityford.com/vehicles/stock/159429/1002/ford-puma-st-line-1-0l-mild-hybrid","2023 Ford Puma ST-Line 1.0L Mild Hybrid","21990 NZD","USED","Frozen White","Corner Main South Road & Epsom Road<br/>Sockburn<br/>Christchurch","Christchurch","Canterbury","New Zealand","","","","Petrol Hybrid","Used Cars","https://dataapi.autoplay.co.nz/image.ashx?id=98325725&w=500&h=375&l=true","","","$21,990","2023 Ford Puma","2023 Ford Puma ST-Line"
"95609","2025","Ford","Escape","2025 Ford Escape ST-Line X AWD FHEV 2.5 litre","SUV","AWD","26598","KM","https://www.avoncityford.com/vehicles/stock/148508/1002/ford-escape-st-line-x-awd-fhev-2-5-litre","2025 Ford Escape ST-Line X AWD FHEV 2.5 litre","47990 NZD","USED","White","Corner Main South Road & Epsom Road<br/>Sockburn<br/>Christchurch","Christchurch","Canterbury","New Zealand","","","","Petrol Hybrid","Used Cars","https://dataapi.autoplay.co.nz/image.ashx?id=97579386&w=500&h=375&l=true","","","$47,990","2025 Ford Escape","2025 Ford Escape ST-Line X"
"95611","2025","Ford","Puma","2025 Ford Puma ST-Line 1.0L Mild Hybrid","SUV","","4193","KM","https://www.avoncityford.com/vehicles/stock/148507/1002/ford-puma-st-line-1-0l-mild-hybrid","2025 Ford Puma ST-Line 1.0L Mild Hybrid","34990 NZD","USED","Solar Silver","Corner Main South Road & Epsom Road<br/>Sockburn<br/>Christchurch","Christchurch","Canterbury","New Zealand","","","","Petrol Hybrid","Used Cars","https://dataapi.autoplay.co.nz/image.ashx?id=97579445&w=500&h=375&l=true","","","$34,990","2025 Ford Puma","2025 Ford Puma ST-Line"
"95633","2024","GWM","Cannon","2024 GWM Cannon Alpha Ultra HEV 2.0L Petrol","Other","4WD","32500","KM","https://www.avoncityford.com/vehicles/stock/148555/1002/gwm-cannon-alpha-ultra-hev-2-0l-petrol","2024 GWM Cannon Alpha Ultra HEV 2.0L Petrol","49990 NZD","USED","Metallic Candy Red","Corner Main South Road & Epsom Road<br/>Sockburn<br/>Christchurch","Christchurch","Canterbury","New Zealand","","","","Petrol Hybrid","Used Cars","https://dataapi.autoplay.co.nz/image.ashx?id=97615282&w=500&h=375&l=true","","","$49,990","2024 GWM Cannon","2024 GWM Cannon Ultra"
"95629","2025","Skoda","Fabia","2025 Skoda Fabia Monte Carlo 110Kw Black Design Pack","Hatchback","","8240","KM","https://www.avoncityford.com/vehicles/stock/148554/1002/skoda-fabia-monte-carlo-110kw-black-design-pack","2025 Skoda Fabia Monte Carlo 110Kw Black Design Pack","36990 NZD","USED","Onyx Black","Corner Main South Road & Epsom Road<br/>Sockburn<br/>Christchurch","Christchurch","Canterbury","New Zealand","","","","Petrol","Used Cars","https://dataapi.autoplay.co.nz/image.ashx?id=97608171&w=500&h=375&l=true","","","$36,990","2025 Skoda Fabia","2025 Skoda Fabia Monte Carlo"
"95655","2026","Ford","Ranger","2026 Ford Ranger New Gen Platinum 4WD 3.0L 10Spd","Other","4WD","13344","KM","https://www.avoncityford.com/vehicles/stock/158954/1002/ford-ranger-new-gen-platinum-4wd-3-0l-10spd","2026 Ford Ranger New Gen Platinum 4WD 3.0L 10Spd","81990 NZD","USED","WHITE","Corner Main South Road & Epsom Road<br/>Sockburn<br/>Christchurch","Christchurch","Canterbury","New Zealand","","","","Diesel","Used Cars","https://dataapi.autoplay.co.nz/image.ashx?id=97925197&w=500&h=375&l=true","","","$81,990","2026 Ford Ranger","2026 Ford Ranger Platinum"
"95641","2021","Ford","Everest","2021 Ford Everest Titanium 4WD 2.0L Bi Turbo 7 Seater","SUV","4WD","70750","KM","https://www.avoncityford.com/vehicles/stock/159038/1002/ford-everest-titanium-4wd-2-0l-bi-turbo-7-seater","2021 Ford Everest Titanium 4WD 2.0L Bi Turbo 7 Seater","45990 NZD","USED","WHITE","Corner Main South Road & Epsom Road<br/>Sockburn<br/>Christchurch","Christchurch","Canterbury","New Zealand","","","","Diesel","Used Cars","https://dataapi.autoplay.co.nz/image.ashx?id=97984837&w=500&h=375&l=true","","","$45,990","2021 Ford Everest","2021 Ford Everest Titanium"
"LUC542","2018","Ford","Ranger","2018 Ford Ranger PX2 Wildtrak 4WD 3.2 TDiesel","Other","4WD","183044","KM","https://www.avoncityford.com/vehicles/stock/159036/1002/ford-ranger-px2-wildtrak-4wd-3-2-tdiesel","2018 Ford Ranger PX2 Wildtrak 4WD 3.2 TDiesel","30990 NZD","USED","Ingot Silver","Corner Main South Road & Epsom Road<br/>Sockburn<br/>Christchurch","Christchurch","Canterbury","New Zealand","","","","Diesel","Used Cars","https://dataapi.autoplay.co.nz/image.ashx?id=97986034&w=500&h=375&l=true","","","$30,990","2018 Ford Ranger","2018 Ford Ranger Wildtrak"
"95638","2024","Ford","Everest","2024 Ford Everest New Gen Sport 4WD 2.0 Bi Turbo 7 Seater 10spd","SUV","4WD","64665","KM","https://www.avoncityford.com/vehicles/stock/159486/1002/ford-everest-new-gen-sport-4wd-2-0-bi-turbo-7-seater-10spd","2024 Ford Everest New Gen Sport 4WD 2.0 Bi Turbo 7 Seater 10spd","56990 NZD","USED","Arctic White","Corner Main South Road & Epsom Road<br/>Sockburn<br/>Christchurch","Christchurch","Canterbury","New Zealand","","","","Diesel","Used Cars","https://dataapi.autoplay.co.nz/image.ashx?id=98224102&w=500&h=375&l=true","","","$56,990","2024 Ford Everest","2024 Ford Everest Sport"
"95663","2024","Ford","Ranger","2024 Ford Ranger New Gen XLT 4WD 2.0L","Other","4WD","56551","KM","https://www.avoncityford.com/vehicles/stock/159202/1002/ford-ranger-new-gen-xlt-4wd-2-0l","2024 Ford Ranger New Gen XLT 4WD 2.0L","47990 NZD","USED","WHITE","Corner Main South Road & Epsom Road<br/>Sockburn<br/>Christchurch","Christchurch","Canterbury","New Zealand","","","","Diesel","Used Cars","https://dataapi.autoplay.co.nz/image.ashx?id=98139527&w=500&h=375&l=true","","","$47,990","2024 Ford Ranger","2024 Ford Ranger XLT"
"95665","2026","Ford","Everest","2026 Ford Everest New Gen Wildtrak 4WD 3.0L V6 TD 7 Seater","SUV","4WD","9678","KM","https://www.avoncityford.com/vehicles/stock/159383/1002/ford-everest-new-gen-wildtrak-4wd-3-0l-v6-td-7-seater","2026 Ford Everest New Gen Wildtrak 4WD 3.0L V6 TD 7 Seater","79990 NZD","USED","Arctic White","Corner Main South Road & Epsom Road<br/>Sockburn<br/>Christchurch","Christchurch","Canterbury","New Zealand","","","","Diesel","Used Cars","https://dataapi.autoplay.co.nz/image.ashx?id=98285825&w=500&h=375&l=true","","","$79,990","2026 Ford Everest","2026 Ford Everest Wildtrak"
"95593","2026","Ford","Transit","2026 Ford Transit Tourneo Custom Sport 9 Seater","Van","2WD","13777","KM","https://www.avoncityford.com/vehicles/stock/159382/1002/ford-transit-tourneo-custom-sport-9-seater","2026 Ford Transit Tourneo Custom Sport 9 Seater","69990 NZD","USED","Digital Aqua Blue","Corner Main South Road & Epsom Road<br/>Sockburn<br/>Christchurch","Christchurch","Canterbury","New Zealand","","","","Diesel","Used Cars","https://dataapi.autoplay.co.nz/image.ashx?id=98287610&w=500&h=375&l=true","","","$69,990","2026 Ford Transit","2026 Ford Transit Sport"
"95662","2026","Ford","Everest","2026 Ford Everest New Gen Sport 4WD 2.0L Bi Turbo 7 Seater","SUV","4WD","13234","KM","https://www.avoncityford.com/vehicles/stock/159432/1002/ford-everest-new-gen-sport-4wd-2-0l-bi-turbo-7-seater","2026 Ford Everest New Gen Sport 4WD 2.0L Bi Turbo 7 Seater","71990 NZD","USED","Blue Lightning","Corner Main South Road & Epsom Road<br/>Sockburn<br/>Christchurch","Christchurch","Canterbury","New Zealand","","","","Diesel","Used Cars","https://dataapi.autoplay.co.nz/image.ashx?id=98322637&w=500&h=375&l=true","","","$71,990","2026 Ford Everest","2026 Ford Everest Sport"
"95688","2026","Ford","Everest","2026 Ford Everest New Gen Platinum 4WD 3.0L V6 T.Diesel 7 str","SUV","4WD","7362","KM","https://www.avoncityford.com/vehicles/stock/159487/1002/ford-everest-new-gen-platinum-4wd-3-0l-v6-t-diesel-7-str","2026 Ford Everest New Gen Platinum 4WD 3.0L V6 T.Diesel 7 str","83990 NZD","USED","Acacia Green","Corner Main South Road & Epsom Road<br/>Sockburn<br/>Christchurch","Christchurch","Canterbury","New Zealand","","","","Diesel","Used Cars","https://dataapi.autoplay.co.nz/image.ashx?id=98363855&w=500&h=375&l=true","","","$83,990","2026 Ford Everest","2026 Ford Everest Platinum"
"95682","2023","Ford","Focus","2023 Ford Focus ST Line-X 1.0L EcoBoost 7 spd Auto","Hatchback","2WD","75066","KM","https://www.avoncityford.com/vehicles/stock/159533/1002/ford-focus-st-line-x-1-0l-ecoboost-7-spd-auto","2023 Ford Focus ST Line-X 1.0L EcoBoost 7 spd Auto","23990 NZD","USED","Fantastic Red","Corner Main South Road & Epsom Road<br/>Sockburn<br/>Christchurch","Christchurch","Canterbury","New Zealand","","","","Petrol Hybrid","Used Cars","https://dataapi.autoplay.co.nz/image.ashx?id=98427120&w=500&h=375&l=true","","","$23,990","2023 Ford Focus","2023 Ford Focus ST-Line X"
"95698","2026","Ford","Ranger","2026 Ford Ranger New Gen Wildtrak 4WD 3.0L TD V6 10spd","Other","4WD","8693","KM","https://www.avoncityford.com/vehicles/stock/159534/1002/ford-ranger-new-gen-wildtrak-4wd-3-0l-td-v6-10spd","2026 Ford Ranger New Gen Wildtrak 4WD 3.0L TD V6 10spd","77990 NZD","USED","Arctic White","Corner Main South Road & Epsom Road<br/>Sockburn<br/>Christchurch","Christchurch","Canterbury","New Zealand","","","","Diesel","Used Cars","https://dataapi.autoplay.co.nz/image.ashx?id=98427109&w=500&h=375&l=true","","","$77,990","2026 Ford Ranger","2026 Ford Ranger Wildtrak"
"95697","2026","Ford","Everest","2026 Ford Everest New Gen Platinum 4WD 3.0L V6 7-Seater","SUV","4WD","6810","KM","https://www.avoncityford.com/vehicles/stock/159590/1002/ford-everest-new-gen-platinum-4wd-3-0l-v6-7-seater","2026 Ford Everest New Gen Platinum 4WD 3.0L V6 7-Seater","83990 NZD","USED","WHITE","Corner Main South Road & Epsom Road<br/>Sockburn<br/>Christchurch","Christchurch","Canterbury","New Zealand","","","","Diesel","Used Cars","https://dataapi.autoplay.co.nz/image.ashx?id=98459844&w=500&h=375&l=true","","","$83,990","2026 Ford Everest","2026 Ford Everest Platinum"
"95699","2026","Ford","Ranger","2026 Ford Ranger New Gen Wildtrak 4WD 3.0L V6","Other","4WD","9144","KM","https://www.avoncityford.com/vehicles/stock/159589/1002/ford-ranger-new-gen-wildtrak-4wd-3-0l-v6","2026 Ford Ranger New Gen Wildtrak 4WD 3.0L V6","77990 NZD","USED","GREY","Corner Main South Road & Epsom Road<br/>Sockburn<br/>Christchurch","Christchurch","Canterbury","New Zealand","","","","Diesel","Used Cars","https://dataapi.autoplay.co.nz/image.ashx?id=98459941&w=500&h=375&l=true","","","$77,990","2026 Ford Ranger","2026 Ford Ranger Wildtrak"
"95674","2025","Ford","Escape","2025 Ford Escape ST-Line X PHEV AWD","SUV","4WD","14061","KM","https://www.avoncityford.com/vehicles/stock/159704/1002/ford-escape-st-line-x-phev-awd","2025 Ford Escape ST-Line X PHEV AWD","42990 NZD","USED","GREY","Corner Main South Road & Epsom Road<br/>Sockburn<br/>Christchurch","Christchurch","Canterbury","New Zealand","","","","Plugin Petrol Hybrid","Used Cars","https://dataapi.autoplay.co.nz/image.ashx?id=98524892&w=500&h=375&l=true","","","$42,990","2025 Ford Escape","2025 Ford Escape ST-Line X PHEV"
"95669","2025","Ford","Ranger","2025 Ford Ranger New Gen XLT 4WD 2.0L","Other","4WD","16175","KM","https://www.avoncityford.com/vehicles/stock/159705/1002/ford-ranger-new-gen-xlt-4wd-2-0l","2025 Ford Ranger New Gen XLT 4WD 2.0L","52990 NZD","USED","BLACK","Corner Main South Road & Epsom Road<br/>Sockburn<br/>Christchurch","Christchurch","Canterbury","New Zealand","","","","Diesel","Used Cars","https://dataapi.autoplay.co.nz/image.ashx?id=98524959&w=500&h=375&l=true","","","$52,990","2025 Ford Ranger","2025 Ford Ranger XLT"
"95708","2025","Ford","Ranger","2025 Ford Ranger Wildtrak 10-Year Edition 4WD 3.0L V6","Other","4WD","15959","KM","https://www.avoncityford.com/vehicles/stock/159706/1002/ford-ranger-wildtrak-10-year-edition-4wd-3-0l-v6","2025 Ford Ranger Wildtrak 10-Year Edition 4WD 3.0L V6","71990 NZD","USED","BLUE","Corner Main South Road & Epsom Road<br/>Sockburn<br/>Christchurch","Christchurch","Canterbury","New Zealand","","","","Diesel","Used Cars","https://dataapi.autoplay.co.nz/image.ashx?id=98532368&w=500&h=375&l=true","","","$71,990","2025 Ford Ranger","2025 Ford Ranger Wildtrak"
"95642","2012","Ford","Ranger","2012 Ford Ranger PX 2WD 3.2TD XL Supercab Flatdeck","Other","2WD","201616","KM","https://www.avoncityford.com/vehicles/stock/159800/1002/ford-ranger-px-2wd-3-2td-xl-supercab-flatdeck","2012 Ford Ranger PX 2WD 3.2TD XL Supercab Flatdeck","15990 NZD","USED","SILVER","Corner Main South Road & Epsom Road<br/>Sockburn<br/>Christchurch","Christchurch","Canterbury","New Zealand","","","","Diesel","Used Cars","https://dataapi.autoplay.co.nz/image.ashx?id=98584119&w=500&h=375&l=true","","","$15,990","2012 Ford Ranger","2012 Ford Ranger XL"
"95695","2024","Ford","Everest","2024 Ford Everest New Gen Everest Sport 4WD 2.0L 7-Seater","SUV","4WD","78680","KM","https://www.avoncityford.com/vehicles/stock/159882/1002/ford-everest-new-gen-everest-sport-4wd-2-0l-7-seater","2024 Ford Everest New Gen Everest Sport 4WD 2.0L 7-Seater","55990 NZD","USED","Shadow Black","Corner Main South Road & Epsom Road<br/>Sockburn<br/>Christchurch","Christchurch","Canterbury","New Zealand","","","","Diesel","Used Cars","https://dataapi.autoplay.co.nz/image.ashx?id=98644408&w=500&h=375&l=true","","","$55,990","2024 Ford Everest","2024 Ford Everest Sport"
"95668","2025","Ford","Mustang Mach-E","2025 Ford Mustang Mach-E RWD 78kwh Auto","SUV","2WD","12631","KM","https://www.avoncityford.com/vehicles/stock/159803/1002/ford-mustang-mach-e-rwd-78kwh-auto","2025 Ford Mustang Mach-E RWD 78kwh Auto","59990 NZD","USED","Grabber Blue","Corner Main South Road & Epsom Road<br/>Sockburn<br/>Christchurch","Christchurch","Canterbury","New Zealand","","","","Electric","Used Cars","https://dataapi.autoplay.co.nz/image.ashx?id=98584573&w=500&h=375&l=true","","","$59,990","2025 Ford Mustang Mach-E","2025 Ford Mustang Mach-E"
"95676","2021","Ford","Ranger","2021 Ford Ranger PX3 Wildtrak-X 4WD 2.0L Bi-Turbo 10spd","Other","4WD","77868","KM","https://www.avoncityford.com/vehicles/stock/159802/1002/ford-ranger-px3-wildtrak-x-4wd-2-0l-bi-turbo-10spd","2021 Ford Ranger PX3 Wildtrak-X 4WD 2.0L Bi-Turbo 10spd","43990 NZD","USED","Saber Orange","Corner Main South Road & Epsom Road<br/>Sockburn<br/>Christchurch","Christchurch","Canterbury","New Zealand","","","","Diesel","Used Cars","https://dataapi.autoplay.co.nz/image.ashx?id=98584808&w=500&h=375&l=true","","","$43,990","2021 Ford Ranger","2021 Ford Ranger Wildtrak X"
"95671","2025","Ford","Everest","2025 Ford Everest New Gen Sport 4WD 2.0L Bi-Turbo 7-Seater","SUV","4WD","10325","KM","https://www.avoncityford.com/vehicles/stock/159883/1002/ford-everest-new-gen-sport-4wd-2-0l-bi-turbo-7-seater","2025 Ford Everest New Gen Sport 4WD 2.0L Bi-Turbo 7-Seater","65990 NZD","USED","GREY","Corner Main South Road & Epsom Road<br/>Sockburn<br/>Christchurch","Christchurch","Canterbury","New Zealand","","","","Diesel","Used Cars","https://dataapi.autoplay.co.nz/image.ashx?id=98651054&w=500&h=375&l=true","","","$65,990","2025 Ford Everest","2025 Ford Everest Sport"
"95681","2014","Nissan","X-Trail","2014 Nissan X-Trail ST-L AWD 2.5L","SUV","","128270","KM","https://www.avoncityford.com/vehicles/stock/159940/1002/nissan-x-trail-st-l-awd-2-5l","2014 Nissan X-Trail ST-L AWD 2.5L","13990 NZD","USED","BLACK","Corner Main South Road & Epsom Road<br/>Sockburn<br/>Christchurch","Christchurch","Canterbury","New Zealand","","","","Petrol","Used Cars","https://dataapi.autoplay.co.nz/image.ashx?id=98679838&w=500&h=375&l=true","","","$13,990","2014 Nissan X-Trail","2014 Nissan X-Trail ST-L"
"95707","2020","Ford","Endura","2020 Ford Endura Titanium AWD 2.0L TDiesel 8spd","SUV","4WD","41372","KM","https://www.avoncityford.com/vehicles/stock/159942/1002/ford-endura-titanium-awd-2-0l-tdiesel-8spd","2020 Ford Endura Titanium AWD 2.0L TDiesel 8spd","25990 NZD","USED","Rapid Red","Corner Main South Road & Epsom Road<br/>Sockburn<br/>Christchurch","Christchurch","Canterbury","New Zealand","","","","Diesel","Used Cars","https://dataapi.autoplay.co.nz/image.ashx?id=98679806&w=500&h=375&l=true","","","$25,990","2020 Ford Endura","2020 Ford Endura Titanium"
"95685","2017","Mazda","CX-5","2017 Mazda CX-5 25S Proactive AWD","SUV","AWD","98635","KM","https://www.avoncityford.com/vehicles/stock/159941/1002/mazda-cx-5-25s-proactive-awd","2017 Mazda CX-5 25S Proactive AWD","19990 NZD","USED","Black","Corner Main South Road & Epsom Road<br/>Sockburn<br/>Christchurch","Christchurch","Canterbury","New Zealand","","","","Petrol","Used Cars","https://dataapi.autoplay.co.nz/image.ashx?id=98679794&w=500&h=375&l=true","","","$19,990","2017 Mazda CX-5","2017 Mazda CX-5 25S Proactive"
"95670","2026","Ford","Ranger","2026 Ford Ranger New Gen Stormtrak 4WD 2.3L PHEV","Other","4WD","11802","KM","https://www.avoncityford.com/vehicles/stock/159999/1002/ford-ranger-new-gen-stormtrak-4wd-2-3l-phev","2026 Ford Ranger New Gen Stormtrak 4WD 2.3L PHEV","71990 NZD","USED","Shadow Black","Corner Main South Road & Epsom Road<br/>Sockburn<br/>Christchurch","Christchurch","Canterbury","New Zealand","","","","Plugin Petrol Hybrid","Used Cars","https://dataapi.autoplay.co.nz/image.ashx?id=98713468&w=500&h=375&l=true","","","$71,990","2026 Ford Ranger","2026 Ford Ranger Stormtrak PHEV"
"95700","2025","Ford","Ranger","2025 Ford Ranger New Gen XLT 2WD 2.0L Bi-Turbo 10spd","Other","2WD","16445","KM","https://www.avoncityford.com/vehicles/stock/160062/1002/ford-ranger-new-gen-xlt-2wd-2-0l-bi-turbo-10spd","2025 Ford Ranger New Gen XLT 2WD 2.0L Bi-Turbo 10spd","45990 NZD","USED","Blue Lightning","Corner Main South Road & Epsom Road<br/>Sockburn<br/>Christchurch","Christchurch","Canterbury","New Zealand","","","","Diesel","Used Cars","https://dataapi.autoplay.co.nz/image.ashx?id=98755628&w=500&h=375&l=true","","","$45,990","2025 Ford Ranger","2025 Ford Ranger XLT"
"95667","2025","Ford","Mustang Mach-E","2025 Ford Mustang Mach-E RWD 78KWH","SUV","2WD","6390","KM","https://www.avoncityford.com/vehicles/stock/160064/1002/ford-mustang-mach-e-rwd-78kwh","2025 Ford Mustang Mach-E RWD 78KWH","61990 NZD","USED","GREEN","Corner Main South Road & Epsom Road<br/>Sockburn<br/>Christchurch","Christchurch","Canterbury","New Zealand","","","","Electric","Used Cars","https://dataapi.autoplay.co.nz/image.ashx?id=98755382&w=500&h=375&l=true","","","$61,990","2025 Ford Mustang Mach-E","2025 Ford Mustang Mach-E"
"95519","2025","Ford","Ranger","2025 Ford Ranger New Gen Wildtrak 4WD 3.0TD V6 10spd SALE","Other","4WD","27072","KM","https://www.avoncityford.com/vehicles/stock/159178/1077/ford-ranger-new-gen-wildtrak-4wd-3-0td-v6-10spd-sale","2025 Ford Ranger New Gen Wildtrak 4WD 3.0TD V6 10spd SALE","73990 NZD","USED","White","Corner Main South Road & Epsom Road<br/>Sockburn<br/>Christchurch","Christchurch","Canterbury","New Zealand","","","72990 NZD","Diesel","Rangiora Used","https://dataapi.autoplay.co.nz/image.ashx?id=96400356&w=500&h=375&l=true","SALE","","$72,990","2025 Ford Ranger","2025 Ford Ranger Wildtrak"
"95577","2023","Ford","Puma","2023 Ford Puma ST-Line 1.0L Mild Hybrid","SUV","","83784","KM","https://www.avoncityford.com/vehicles/stock/148540/1077/ford-puma-st-line-1-0l-mild-hybrid","2023 Ford Puma ST-Line 1.0L Mild Hybrid","21990 NZD","USED","Solar Silver","Corner Main South Road & Epsom Road<br/>Sockburn<br/>Christchurch","Christchurch","Canterbury","New Zealand","","","","Petrol Hybrid","Rangiora Used","https://dataapi.autoplay.co.nz/image.ashx?id=97080783&w=500&h=375&l=true","","","$21,990","2023 Ford Puma","2023 Ford Puma ST-Line"
"95604","2015","Subaru","Forester","2015 Subaru Forester AWD Hatch 2.0L Eyesight CVT Auto","SUV","AWD","56373","KM","https://www.avoncityford.com/vehicles/stock/159989/1077/subaru-forester-awd-hatch-2-0l-eyesight-cvt-auto","2015 Subaru Forester AWD Hatch 2.0L Eyesight CVT Auto","16990 NZD","USED","WHITE","Corner Main South Road & Epsom Road<br/>Sockburn<br/>Christchurch","Christchurch","Canterbury","New Zealand","","","","Petrol","Rangiora Used","https://dataapi.autoplay.co.nz/image.ashx?id=97429281&w=500&h=375&l=true","","","$16,990","2015 Subaru Forester","2015 Subaru Forester"
"NUR238","2021","Ford","Everest","2021 Ford Everest Sport 4WD 2.0 Bi Turbo 7str 10spd","SUV","4WD","125079","KM","https://www.avoncityford.com/vehicles/stock/158979/1077/ford-everest-sport-4wd-2-0-bi-turbo-7str-10spd","2021 Ford Everest Sport 4WD 2.0 Bi Turbo 7str 10spd","38990 NZD","USED","Arctic White","Corner Main South Road & Epsom Road<br/>Sockburn<br/>Christchurch","Christchurch","Canterbury","New Zealand","","","","Diesel","Rangiora Used","https://dataapi.autoplay.co.nz/image.ashx?id=98223755&w=500&h=375&l=true","","","$38,990","2021 Ford Everest","2021 Ford Everest Sport"
"95639","2024","Ford","Ranger","2024 Ford Ranger New Gen Sport 4WD 2.0L 10Spd","Other","4WD","57631","KM","https://www.avoncityford.com/vehicles/stock/159277/1077/ford-ranger-new-gen-sport-4wd-2-0l-10spd","2024 Ford Ranger New Gen Sport 4WD 2.0L 10Spd","50990 NZD","USED","WHITE","Corner Main South Road & Epsom Road<br/>Sockburn<br/>Christchurch","Christchurch","Canterbury","New Zealand","","","","Diesel","Rangiora Used","https://dataapi.autoplay.co.nz/image.ashx?id=97925330&w=500&h=375&l=true","","","$50,990","2024 Ford Ranger","2024 Ford Ranger Sport"
"95645","2024","Ford","Everest","2024 Ford Everest New Gen Sport 4WD 2.0L Bi Turbo 7 Seater","SUV","4WD","31303","KM","https://www.avoncityford.com/vehicles/stock/159641/1077/ford-everest-new-gen-sport-4wd-2-0l-bi-turbo-7-seater","2024 Ford Everest New Gen Sport 4WD 2.0L Bi Turbo 7 Seater","60990 NZD","USED","WHITE","Corner Main South Road & Epsom Road<br/>Sockburn<br/>Christchurch","Christchurch","Canterbury","New Zealand","","","","Diesel","Rangiora Used","https://dataapi.autoplay.co.nz/image.ashx?id=97951499&w=500&h=375&l=true","","","$60,990","2024 Ford Everest","2024 Ford Everest Sport"
"95627","2023","Nissan","Navara","2023 Nissan Navara ST-X 4WD 2.3L Twin-Turbo Diesel","Other","4WD","48483","KM","https://www.avoncityford.com/vehicles/stock/159990/1077/nissan-navara-st-x-4wd-2-3l-twin-turbo-diesel","2023 Nissan Navara ST-X 4WD 2.3L Twin-Turbo Diesel","42990 NZD","USED","GREY","Corner Main South Road & Epsom Road<br/>Sockburn<br/>Christchurch","Christchurch","Canterbury","New Zealand","","","","Diesel","Rangiora Used","https://dataapi.autoplay.co.nz/image.ashx?id=97985954&w=500&h=375&l=true","","","$42,990","2023 Nissan Navara","2023 Nissan Navara ST-X"
"95647","2022","Ford","Ranger","2022 Ford Ranger New Gen XLT 4WD 2.0 Bi Turbo 10spd","Other","4WD","185462","KM","https://www.avoncityford.com/vehicles/stock/159473/1077/ford-ranger-new-gen-xlt-4wd-2-0-bi-turbo-10spd","2022 Ford Ranger New Gen XLT 4WD 2.0 Bi Turbo 10spd","35990 NZD","USED","WHITE","Corner Main South Road & Epsom Road<br/>Sockburn<br/>Christchurch","Christchurch","Canterbury","New Zealand","","","","Diesel","Rangiora Used","https://dataapi.autoplay.co.nz/image.ashx?id=98019059&w=500&h=375&l=true","","","$35,990","2022 Ford Ranger","2022 Ford Ranger XLT"
"95626","2022","Toyota","Hilux","2022 Toyota Hilux SR5 Cruiser 4WD 2.8TD D/Cab Flatdeck NZ New","Other","","95990","KM","https://www.avoncityford.com/vehicles/stock/159474/1077/toyota-hilux-sr5-cruiser-4wd-2-8td-d-cab-flatdeck-nz-new","2022 Toyota Hilux SR5 Cruiser 4WD 2.8TD D/Cab Flatdeck NZ New","56990 NZD","USED","Aluminium Silver","Corner Main South Road & Epsom Road<br/>Sockburn<br/>Christchurch","Christchurch","Canterbury","New Zealand","","","","Diesel","Rangiora Used","https://dataapi.autoplay.co.nz/image.ashx?id=98363720&w=500&h=375&l=true","","","$56,990","2022 Toyota Hilux","2022 Toyota Hilux SR5 Cruiser"
"165242","2026","Ford","Ranger","2026 Ford Ranger XLT 2.0L Bi Turbo Diesel Double Cab 4X4","Other","","3114","KM","https://www.avoncityford.com/vehicles/stock/158978/1077/ford-ranger-xlt-2-0l-bi-turbo-diesel-double-cab-4x4","2026 Ford Ranger XLT 2.0L Bi Turbo Diesel Double Cab 4X4","60990 NZD","USED","Blue Lightening","Corner Main South Road & Epsom Road<br/>Sockburn<br/>Christchurch","Christchurch","Canterbury","New Zealand","","","","Diesel","Rangiora Demo","https://dataapi.autoplay.co.nz/image.ashx?id=94603647&w=500&h=375&l=true","","","$60,990","2026 Ford Ranger","2026 Ford Ranger XLT"
"165575","2026","Ford","Ranger","2026 Ford Ranger XLT V6 Turbo Diesel 4x4 Double cab","Other","4WD","3469","KM","https://www.avoncityford.com/vehicles/stock/148617/1077/ford-ranger-xlt-v6-turbo-diesel-4x4-double-cab","2026 Ford Ranger XLT V6 Turbo Diesel 4x4 Double cab","67990 NZD","USED","WHITE","Corner Main South Road & Epsom Road<br/>Sockburn<br/>Christchurch","Christchurch","Canterbury","New Zealand","","","","Diesel","Rangiora Demo","https://dataapi.autoplay.co.nz/image.ashx?id=98223765&w=500&h=375&l=true","","","$67,990","2026 Ford Ranger","2026 Ford Ranger XLT"
