"vehicle_id","stock_number","state_of_vehicle","yardname","yard_code","source_yardname","year","make","model","variant","title","price","sale_price","currency","image[0].url","URL","exterior_color","mileage.value"
"05675","05675","DEMO","Sockburn","SOCKBURN","Demo Cars","2026","Ford","Mustang Mach-E","RWD 78KWH/EV/CVT","2026 Ford Mustang Mach-E RWD 78KWH/EV/CVT","74990","","NZD","https://dataapi.autoplay.co.nz/image.ashx?id=98460028&w=500&h=375&l=true","https://www.avoncityford.com/vehicles/stock/159587/1002/ford-mustang-mach-e-rwd-78kwh-ev-cvt","Terrain","5461"
"09343","09343","DEMO","Sockburn","SOCKBURN","Demo Cars","2026","Ford","Puma","St-Line 1.0L Mid Hybrid","2026 Ford Puma St-Line 1.0L Mid Hybrid","35990","","NZD","https://dataapi.autoplay.co.nz/image.ashx?id=96918425&w=500&h=375&l=true","https://www.avoncityford.com/vehicles/stock/147452/1002/ford-puma-st-line-1-0l-mid-hybrid","Frozen White","4103"
"139377","139377","DEMO","Sockburn","SOCKBURN","Demo Cars","2026","Ford","Ranger","Stormtrak PHEV/4WD","2026 Ford Ranger Stormtrak PHEV/4WD","75990","","NZD","https://dataapi.autoplay.co.nz/image.ashx?id=98224234&w=500&h=375&l=true","https://www.avoncityford.com/vehicles/stock/159285/1002/ford-ranger-stormtrak-phev-4wd","Agate Black","1000"
"139403","139403","DEMO","Sockburn","SOCKBURN","Demo Cars","2026","Ford","Ranger","STORMTRAK 2.3L PHEV Double cab 4WD","2026 Ford Ranger STORMTRAK 2.3L PHEV Double cab 4WD","94990","76990","NZD","https://dataapi.autoplay.co.nz/image.ashx?id=98280896&w=500&h=375&l=true","https://www.avoncityford.com/vehicles/stock/159701/1002/ford-ranger-stormtrak-2-3l-phev-double-cab-4wd","Agate Black","100"
"140095","140095","DEMO","Sockburn","SOCKBURN","Demo Cars","2026","Ford","Ranger","STORMTRAK 2.3L PHEV Double cab 4WD","2026 Ford Ranger STORMTRAK 2.3L PHEV Double cab 4WD","94990","76990","NZD","https://dataapi.autoplay.co.nz/image.ashx?id=98280913&w=500&h=375&l=true","https://www.avoncityford.com/vehicles/stock/159702/1002/ford-ranger-stormtrak-2-3l-phev-double-cab-4wd","Agate Black","100"
"141684","141684","DEMO","Sockburn","SOCKBURN","Demo Cars","2025","Ford","Ranger","XLT D/Cab PHEV/4WD/10 speed Auto","2025 Ford Ranger XLT D/Cab PHEV/4WD/10 speed Auto","56990","","NZD","https://dataapi.autoplay.co.nz/image.ashx?id=98325990&w=500&h=375&l=true","https://www.avoncityford.com/vehicles/stock/159428/1002/ford-ranger-xlt-d-cab-phev-4wd-10-speed-auto","Frozen White","13535"
"16276","16276","DEMO","Rangiora","RANGIORA","Rangiora Demo","2026","Ford","Puma","St-Line 1.0L Mid Hybrid","2026 Ford Puma St-Line 1.0L Mid Hybrid","35990","","NZD","https://dataapi.autoplay.co.nz/image.ashx?id=96172283&w=500&h=375&l=true","https://www.avoncityford.com/vehicles/stock/147076/1077/ford-puma-st-line-1-0l-mid-hybrid","Frozen White","5831"
"165135","165135","NEW","Sockburn","SOCKBURN","New Cars","2026","Ford","Transit","Tourneo Custom Sport Mini Bus","2026 Ford Transit Tourneo Custom Sport Mini Bus","81990","75424","NZD","https://dataapi.autoplay.co.nz/image.ashx?id=91721643&w=500&h=375&l=true","https://www.avoncityford.com/vehicles/stock/37257/1002/ford-transit-tourneo-custom-sport-mini-bus","Artisan Red","100"
"165148","165148","DEMO","Rangiora","RANGIORA","Rangiora Demo","2025","Ford","Ranger","Stormtrak Hybrid 2.3L Petrol PHEV 3500kg Towing","2025 Ford Ranger Stormtrak Hybrid 2.3L Petrol PHEV 3500kg Towing","78990","75990","NZD","https://dataapi.autoplay.co.nz/image.ashx?id=96002112&w=500&h=375&l=true","https://www.avoncityford.com/vehicles/stock/147609/1077/ford-ranger-stormtrak-hybrid-2-3l-petrol-phev-3500kg-towing","Agate Black","9009"
"165177","165177","DEMO","Sockburn","SOCKBURN","Demo Cars","2026","Ford","Mustang","V8 GT Mustang Black Edition / RTR","2026 Ford Mustang V8 GT Mustang Black Edition / RTR","119990","","NZD","https://dataapi.autoplay.co.nz/image.ashx?id=97053745&w=500&h=375&l=true","https://www.avoncityford.com/vehicles/stock/158952/1002/ford-mustang-v8-gt-mustang-black-edition-rtr","Shadow Black","1000"
"165178","165178","NEW","Sockburn","SOCKBURN","New Cars","2026","Ford","Mustang","V8 GT Fastback RTR Spec 1","2026 Ford Mustang V8 GT Fastback RTR Spec 1","112490","","NZD","https://dataapi.autoplay.co.nz/image.ashx?id=93852566&w=500&h=375&l=true","https://www.avoncityford.com/vehicles/stock/25777/1002/ford-mustang-v8-gt-fastback-rtr-spec-1","Grabber Blue","100"
"165179","165179","NEW","Sockburn","SOCKBURN","New Cars","2026","Ford","Mustang","5.0L V8 GT Fastback","2026 Ford Mustang 5.0L V8 GT Fastback","94990","93490","NZD","https://dataapi.autoplay.co.nz/image.ashx?id=96169443&w=500&h=375&l=true","https://www.avoncityford.com/vehicles/stock/25771/1002/ford-mustang-5-0l-v8-gt-fastback","Race Red","50"
"165180","165180","NEW","Sockburn","SOCKBURN","New Cars","2026","Ford","Mustang","5.0L V8 GT Fastback","2026 Ford Mustang 5.0L V8 GT Fastback","94990","93490","NZD","https://dataapi.autoplay.co.nz/image.ashx?id=94755006&w=500&h=375&l=true","https://www.avoncityford.com/vehicles/stock/37262/1002/ford-mustang-5-0l-v8-gt-fastback","Molten Magenta","100"
"165181","165181","NEW","Sockburn","SOCKBURN","New Cars","2026","Ford","Mustang","5.0L V8 GT Fastback","2026 Ford Mustang 5.0L V8 GT Fastback","94990","93490","NZD","https://dataapi.autoplay.co.nz/image.ashx?id=91484104&w=500&h=375&l=true","https://www.avoncityford.com/vehicles/stock/25772/1002/ford-mustang-5-0l-v8-gt-fastback","Grabber Blue","100"
"165242","165242","DEMO","Sockburn","SOCKBURN","Rangiora Demo","2026","Ford","Ranger","XLT 2.0L Bi Turbo Diesel Double Cab 4X4","2026 Ford Ranger XLT 2.0L Bi Turbo Diesel Double Cab 4X4","60990","","NZD","https://dataapi.autoplay.co.nz/image.ashx?id=94603647&w=500&h=375&l=true","https://www.avoncityford.com/vehicles/stock/158978/1077/ford-ranger-xlt-2-0l-bi-turbo-diesel-double-cab-4x4","Blue Lightening","3114"
"165444","165444","NEW","Sockburn","SOCKBURN","New Cars","2026","Ford","Ranger","Wildtrak 2.0L Bi Turbo Diesel 4WD","2026 Ford Ranger Wildtrak 2.0L Bi Turbo Diesel 4WD","76990","67250","NZD","https://dataapi.autoplay.co.nz/image.ashx?id=98419626&w=500&h=375&l=true","https://www.avoncityford.com/vehicles/stock/47513/1002/ford-ranger-wildtrak-2-0l-bi-turbo-diesel-4wd","Aluminium","0"
"165490","165490","NEW","Sockburn","SOCKBURN","New Cars","2026","Ford","Puma","St-Line 1.0L Mild Hybrid Petrol","2026 Ford Puma St-Line 1.0L Mild Hybrid Petrol","42990","39990","NZD","https://dataapi.autoplay.co.nz/image.ashx?id=94292988&w=500&h=375&l=true","https://www.avoncityford.com/vehicles/stock/36299/1002/ford-puma-st-line-1-0l-mild-hybrid-petrol","Fantastic Red","100"
"165558","165558","DEMO","Sockburn","SOCKBURN","Demo Cars","2026","Ford","Ranger","Wildtrak 3.0L V6 Diesel 4WD","2026 Ford Ranger Wildtrak 3.0L V6 Diesel 4WD","84990","","NZD","https://dataapi.autoplay.co.nz/image.ashx?id=98416726&w=500&h=375&l=true","https://www.avoncityford.com/vehicles/stock/47473/1002/ford-ranger-wildtrak-3-0l-v6-diesel-4wd","Arctic White","100"
"165575","165575","DEMO","Sockburn","SOCKBURN","Demo Cars","2026","Ford","Ranger","XLT V6 Turbo Diesel 4x4 Double Cab","2026 Ford Ranger XLT V6 Turbo Diesel 4x4 Double Cab","67990","65990","NZD","https://dataapi.autoplay.co.nz/image.ashx?id=98223765&w=500&h=375&l=true","https://www.avoncityford.com/vehicles/stock/148617/1077/ford-ranger-xlt-v6-turbo-diesel-4x4-double-cab","WHITE","3469"
"165586","165586","NEW","Sockburn","SOCKBURN","New Cars","2026","Ford","Everest","Active 2.0L Turbo Diesel 7 Seater SUV 4WD","2026 Ford Everest Active 2.0L Turbo Diesel 7 Seater SUV 4WD","68990","65490","NZD","https://dataapi.autoplay.co.nz/image.ashx?id=98363882&w=500&h=375&l=true","https://www.avoncityford.com/vehicles/stock/36636/1002/ford-everest-active-2-0l-turbo-diesel-7-seater-suv-4wd","Arctic White","100"
"165596","165596","NEW","Sockburn","SOCKBURN","New Cars","2026","Ford","Ranger","XLT 2.0L Turbo Diesel Double Cab 2WD","2026 Ford Ranger XLT 2.0L Turbo Diesel Double Cab 2WD","55990","49980","NZD","https://dataapi.autoplay.co.nz/image.ashx?id=96170476&w=500&h=375&l=true","https://www.avoncityford.com/vehicles/stock/47512/1002/ford-ranger-xlt-2-0l-turbo-diesel-double-cab-2wd","Aluminium","100"
"165604","165604","NEW","Sockburn","SOCKBURN","New Cars","2026","Ford","Ranger","XL Double Cab W/Side 4X4","2026 Ford Ranger XL Double Cab W/Side 4X4","52990","","NZD","https://dataapi.autoplay.co.nz/image.ashx?id=98667806&w=500&h=375&l=true","https://www.avoncityford.com/vehicles/stock/159939/1002/ford-ranger-xl-double-cab-w-side-4x4","Arctic White","100"
"165612","165612","NEW","Sockburn","SOCKBURN","New Cars","2026","Ford","Ranger","Platinum 3.0 V6 Turbo Diesel 4WD","2026 Ford Ranger Platinum 3.0 V6 Turbo Diesel 4WD","92990","86990","NZD","https://dataapi.autoplay.co.nz/image.ashx?id=96169364&w=500&h=375&l=true","https://www.avoncityford.com/vehicles/stock/47476/1002/ford-ranger-platinum-3-0-v6-turbo-diesel-4wd","Arctic White","100"
"165614","165614","NEW","Sockburn","SOCKBURN","New Cars","2026","Ford","Ranger","Wildtrak 3.0L V6 Diesel 4WD","2026 Ford Ranger Wildtrak 3.0L V6 Diesel 4WD","85990","","NZD","https://dataapi.autoplay.co.nz/image.ashx?id=98211605&w=500&h=375&l=true","https://www.avoncityford.com/vehicles/stock/37165/1002/ford-ranger-wildtrak-3-0l-v6-diesel-4wd","Arctic White","100"
"165620","165620","NEW","Sockburn","SOCKBURN","New Cars","2026","Ford","Ranger","Tremor 3.0L V6 Diesel 4WD/10 Speed Auto","2026 Ford Ranger Tremor 3.0L V6 Diesel 4WD/10 Speed Auto","79990","75990","NZD","https://dataapi.autoplay.co.nz/image.ashx?id=98324295&w=500&h=375&l=true","https://www.avoncityford.com/vehicles/stock/47501/1002/ford-ranger-tremor-3-0l-v6-diesel-4wd-10-speed-auto","Arctic White","100"
"165629","165629","NEW","Sockburn","SOCKBURN","New Cars","2026","Ford","Ranger","Wildtrak 3.0L V6 Diesel 4WD","2026 Ford Ranger Wildtrak 3.0L V6 Diesel 4WD","85990","79490","NZD","https://dataapi.autoplay.co.nz/image.ashx?id=96755459&w=500&h=375&l=true","https://www.avoncityford.com/vehicles/stock/47474/1002/ford-ranger-wildtrak-3-0l-v6-diesel-4wd","Shadow Black","100"
"165631","165631","NEW","Sockburn","SOCKBURN","New Cars","2026","Ford","Ranger","Tremor 3.0L V6 Turbo Diesel Double Cab 4WD","2026 Ford Ranger Tremor 3.0L V6 Turbo Diesel Double Cab 4WD","79990","75990","NZD","https://dataapi.autoplay.co.nz/image.ashx?id=96144212&w=500&h=375&l=true","https://www.avoncityford.com/vehicles/stock/37164/1002/ford-ranger-tremor-3-0l-v6-turbo-diesel-double-cab-4wd","Shadow Black","100"
"165641","165641","NEW","Sockburn","SOCKBURN","New Cars","2026","Ford","Ranger","Raptor 3.0L V6 Turbo Petrol 4WD","2026 Ford Ranger Raptor 3.0L V6 Turbo Petrol 4WD","98490","92990","NZD","https://dataapi.autoplay.co.nz/image.ashx?id=98673378&w=500&h=375&l=true","https://www.avoncityford.com/vehicles/stock/36840/1002/ford-ranger-raptor-3-0l-v6-turbo-petrol-4wd","Command Grey","100"
"165642","165642","NEW","Sockburn","SOCKBURN","New Cars","2026","Ford","Ranger","Raptor 3.0L V6 Turbo Petrol 4WD","2026 Ford Ranger Raptor 3.0L V6 Turbo Petrol 4WD","98490","","NZD","https://dataapi.autoplay.co.nz/image.ashx?id=98672299&w=500&h=375&l=true","https://www.avoncityford.com/vehicles/stock/47615/1002/ford-ranger-raptor-3-0l-v6-turbo-petrol-4wd","Command Grey","100"
"165657","165657","NEW","Sockburn","SOCKBURN","New Cars","2026","Ford","Ranger","XLT 2.0L Turbo Diesel Double Cab 2WD","2026 Ford Ranger XLT 2.0L Turbo Diesel Double Cab 2WD","55990","49980","NZD","https://dataapi.autoplay.co.nz/image.ashx?id=98257819&w=500&h=375&l=true","https://www.avoncityford.com/vehicles/stock/37256/1002/ford-ranger-xlt-2-0l-turbo-diesel-double-cab-2wd","Arctic White","100"
"165665","165665","NEW","Sockburn","SOCKBURN","New Cars","2026","Ford","Ranger","Raptor 3.0L Petrol 4WD 10 Speed Auto","2026 Ford Ranger Raptor 3.0L Petrol 4WD 10 Speed Auto","98490","","NZD","https://dataapi.autoplay.co.nz/image.ashx?id=96476800&w=500&h=375&l=true","https://www.avoncityford.com/vehicles/stock/36955/1002/ford-ranger-raptor-3-0l-petrol-4wd-10-speed-auto","Arctic White","100"
"165667","165667","NEW","Sockburn","SOCKBURN","New Cars","2026","Ford","Everest","Active 2.0L Diesel 4WD 7 Seater SUV","2026 Ford Everest Active 2.0L Diesel 4WD 7 Seater SUV","68990","65490","NZD","https://dataapi.autoplay.co.nz/image.ashx?id=95707615&w=500&h=375&l=true","https://www.avoncityford.com/vehicles/stock/37163/1002/ford-everest-active-2-0l-diesel-4wd-7-seater-suv","Aluminium","100"
"165678","165678","NEW","Sockburn","SOCKBURN","New Cars","2026","Ford","Ranger","XLT 2.0L Turbo Diesel Double cab 2WD","2026 Ford Ranger XLT 2.0L Turbo Diesel Double cab 2WD","55990","50900","NZD","https://dataapi.autoplay.co.nz/image.ashx?id=98414891&w=500&h=375&l=true","https://www.avoncityford.com/vehicles/stock/47470/1002/ford-ranger-xlt-2-0l-turbo-diesel-double-cab-2wd","Meteor Grey","100"
"165680","165680","NEW","Sockburn","SOCKBURN","New Cars","2026","Ford","Ranger","XL 4X4 2.0L Diesel Super Cab Chassis","2026 Ford Ranger XL 4X4 2.0L Diesel Super Cab Chassis","57990","","NZD","https://dataapi.autoplay.co.nz/image.ashx?id=96838843&w=500&h=375&l=true","https://www.avoncityford.com/vehicles/stock/47589/1002/ford-ranger-xl-4x4-2-0l-diesel-super-cab-chassis","Aluminium","100"
"165682","165682","NEW","Sockburn","SOCKBURN","New Cars","2026","Ford","Everest","Sport 3.0 V6 Turbo Diesel 7 Seater SUV","2026 Ford Everest Sport 3.0 V6 Turbo Diesel 7 Seater SUV","85990","80990","NZD","https://dataapi.autoplay.co.nz/image.ashx?id=96840044&w=500&h=375&l=true","https://www.avoncityford.com/vehicles/stock/37260/1002/ford-everest-sport-3-0-v6-turbo-diesel-7-seater-suv","Blue Lightning","100"
"165683","165683","DEMO","Sockburn","SOCKBURN","Demo Cars","2026","Ford","Everest","Tremor 3.0D/4Wd/10At","2026 Ford Everest Tremor 3.0D/4Wd/10At","83990","","NZD","https://dataapi.autoplay.co.nz/image.ashx?id=98363789&w=500&h=375&l=true","https://www.avoncityford.com/vehicles/stock/159485/1002/ford-everest-tremor-3-0d-4wd-10at","GREY","2000"
"165687","165687","NEW","Sockburn","SOCKBURN","New Cars","2026","Ford","Ranger","Wildtrak 3.0L V6 Diesel 4WD","2026 Ford Ranger Wildtrak 3.0L V6 Diesel 4WD","85990","79490","NZD","https://dataapi.autoplay.co.nz/image.ashx?id=96877306&w=500&h=375&l=true","https://www.avoncityford.com/vehicles/stock/37085/1002/ford-ranger-wildtrak-3-0l-v6-diesel-4wd","Aluminium","100"
"165692","165692","NEW","Sockburn","SOCKBURN","New Cars","2026","Ford","Ranger","XLT Double Cab 4WD 3.0L V6 Diesel","2026 Ford Ranger XLT Double Cab 4WD 3.0L V6 Diesel","71990","69990","NZD","https://dataapi.autoplay.co.nz/image.ashx?id=98701478&w=500&h=375&l=true","https://www.avoncityford.com/vehicles/stock/37109/1002/ford-ranger-xlt-double-cab-4wd-3-0l-v6-diesel","Arctic White","100"
"165693","165693","NEW","Sockburn","SOCKBURN","New Cars","2026","Ford","Ranger","Tremor 3.0 Turbo Diesel V6 Double cab 4WD","2026 Ford Ranger Tremor 3.0 Turbo Diesel V6 Double cab 4WD","79990","75990","NZD","https://dataapi.autoplay.co.nz/image.ashx?id=97442746&w=500&h=375&l=true","https://www.avoncityford.com/vehicles/stock/37258/1002/ford-ranger-tremor-3-0-turbo-diesel-v6-double-cab-4wd","Aluminium Metallic","100"
"165694","165694","NEW","Sockburn","SOCKBURN","New Cars","2026","Ford","Ranger","Wolftrak 3.0L V6 Turbo Diesel Double Cab 4WD","2026 Ford Ranger Wolftrak 3.0L V6 Turbo Diesel Double Cab 4WD","75990","69990","NZD","https://dataapi.autoplay.co.nz/image.ashx?id=97924300&w=500&h=375&l=true","https://www.avoncityford.com/vehicles/stock/47400/1002/ford-ranger-wolftrak-3-0l-v6-turbo-diesel-double-cab-4wd","Shadow Black","100"
"165695","165695","NEW","Sockburn","SOCKBURN","New Cars","2026","Ford","Ranger","Wolftrak 3.0L V6 Turbo Diesel Double Cab 4WD","2026 Ford Ranger Wolftrak 3.0L V6 Turbo Diesel Double Cab 4WD","75990","69990","NZD","https://dataapi.autoplay.co.nz/image.ashx?id=98257917&w=500&h=375&l=true","https://www.avoncityford.com/vehicles/stock/47471/1002/ford-ranger-wolftrak-3-0l-v6-turbo-diesel-double-cab-4wd","Command Grey","100"
"165697","165697","NEW","Sockburn","SOCKBURN","New Cars","2026","Ford","Ranger","XL 4X4 2.0L Diesel Super Cab Chassis","2026 Ford Ranger XL 4X4 2.0L Diesel Super Cab Chassis","57990","","NZD","https://dataapi.autoplay.co.nz/image.ashx?id=98650884&w=500&h=375&l=true","https://www.avoncityford.com/vehicles/stock/37074/1002/ford-ranger-xl-4x4-2-0l-diesel-super-cab-chassis","Arctic White","100"
"165703","165703","NEW","Sockburn","SOCKBURN","New Cars","2026","Ford","Ranger","Tremor 3.0L V6 Turbo Diesel Double Cab 4WD","2026 Ford Ranger Tremor 3.0L V6 Turbo Diesel Double Cab 4WD","79990","75990","NZD","https://dataapi.autoplay.co.nz/image.ashx?id=96689448&w=500&h=375&l=true","https://www.avoncityford.com/vehicles/stock/36880/1002/ford-ranger-tremor-3-0l-v6-turbo-diesel-double-cab-4wd","Arctic White","100"
"165707","165707","NEW","Sockburn","SOCKBURN","New Cars","2026","Ford","Ranger","Wildtrak 3.0L V6 Diesel 4WD","2026 Ford Ranger Wildtrak 3.0L V6 Diesel 4WD","85990","79490","NZD","https://dataapi.autoplay.co.nz/image.ashx?id=96721813&w=500&h=375&l=true","https://www.avoncityford.com/vehicles/stock/47473/1002/ford-ranger-wildtrak-3-0l-v6-diesel-4wd","Ignite Orange","100"
"165713","165713","NEW","Sockburn","SOCKBURN","New Cars","2026","Ford","Everest","Sport 2.0L Turbo Diesel 4WD 7 Seater SUV","2026 Ford Everest Sport 2.0L Turbo Diesel 4WD 7 Seater SUV","77490","69990","NZD","https://dataapi.autoplay.co.nz/image.ashx?id=97854781&w=500&h=375&l=true","https://www.avoncityford.com/vehicles/stock/47390/1002/ford-everest-sport-2-0l-turbo-diesel-4wd-7-seater-suv","Shadow Black","100"
"165715","165715","NEW","Sockburn","SOCKBURN","New Cars","2026","Ford","Everest","Tremor 3.0L V6 Diesel 7 Seater 4WD SUV","2026 Ford Everest Tremor 3.0L V6 Diesel 7 Seater 4WD SUV","89990","84990","NZD","https://dataapi.autoplay.co.nz/image.ashx?id=97854667&w=500&h=375&l=true","https://www.avoncityford.com/vehicles/stock/47392/1002/ford-everest-tremor-3-0l-v6-diesel-7-seater-4wd-suv","Arctic White","100"
"165719","165719","NEW","Sockburn","SOCKBURN","New Cars","2026","Ford","Ranger","Wolftrak 3.0L V6 Turbo Diesel Double Cab 4WD","2026 Ford Ranger Wolftrak 3.0L V6 Turbo Diesel Double Cab 4WD","75990","69990","NZD","https://dataapi.autoplay.co.nz/image.ashx?id=98257971&w=500&h=375&l=true","https://www.avoncityford.com/vehicles/stock/47472/1002/ford-ranger-wolftrak-3-0l-v6-turbo-diesel-double-cab-4wd","Shadow Black","0"
"165720","165720","NEW","Sockburn","SOCKBURN","New Cars","2026","Ford","Ranger","Wildtrak 3.0L V6 Diesel 4WD","2026 Ford Ranger Wildtrak 3.0L V6 Diesel 4WD","85990","79490","NZD","https://dataapi.autoplay.co.nz/image.ashx?id=98258086&w=500&h=375&l=true","https://www.avoncityford.com/vehicles/stock/159703/1002/ford-ranger-wildtrak-3-0l-v6-diesel-4wd","Aluminium","100"
"165731","165731","NEW","Sockburn","SOCKBURN","New Cars","2026","Ford","Everest","Sport 2.0L Turbo Diesel 4WD 7 Seater SUV","2026 Ford Everest Sport 2.0L Turbo Diesel 4WD 7 Seater SUV","77490","70890","NZD","https://dataapi.autoplay.co.nz/image.ashx?id=98364376&w=500&h=375&l=true","https://www.avoncityford.com/vehicles/stock/47377/1002/ford-everest-sport-2-0l-turbo-diesel-4wd-7-seater-suv","Meteor Grey","100"
"165733","165733","NEW","Sockburn","SOCKBURN","New Cars","2026","Ford","Everest","Platinum 3.0L V6 Turbo Diesel 7 Seater SUV","2026 Ford Everest Platinum 3.0L V6 Turbo Diesel 7 Seater SUV","93490","88490","NZD","https://dataapi.autoplay.co.nz/image.ashx?id=97976248&w=500&h=375&l=true","https://www.avoncityford.com/vehicles/stock/47414/1002/ford-everest-platinum-3-0l-v6-turbo-diesel-7-seater-suv","Snow flake Pearl White","100"
"165742","165742","NEW","Sockburn","SOCKBURN","New Cars","2026","Ford","Everest","Tremor 3.0L V6 Diesel 7 Seater 4WD SUV","2026 Ford Everest Tremor 3.0L V6 Diesel 7 Seater 4WD SUV","89990","84990","NZD","https://dataapi.autoplay.co.nz/image.ashx?id=98223871&w=500&h=375&l=true","https://www.avoncityford.com/vehicles/stock/47455/1002/ford-everest-tremor-3-0l-v6-diesel-7-seater-4wd-suv","Aluminium","100"
"165744","165744","NEW","Sockburn","SOCKBURN","New Cars","2026","Ford","Everest","Wildtrak 3.0 V6 Turbo Diesel 7 Seater SUV 4WD","2026 Ford Everest Wildtrak 3.0 V6 Turbo Diesel 7 Seater SUV 4WD","88990","83990","NZD","https://dataapi.autoplay.co.nz/image.ashx?id=97839353&w=500&h=375&l=true","https://www.avoncityford.com/vehicles/stock/47413/1002/ford-everest-wildtrak-3-0-v6-turbo-diesel-7-seater-suv-4wd","Shadow Black","100"
"165747","165747","NEW","Sockburn","SOCKBURN","New Cars","2026","Ford","Ranger","Tremor 3.0L V6 Turbo Diesel Double Cab 4WD","2026 Ford Ranger Tremor 3.0L V6 Turbo Diesel Double Cab 4WD","79990","75990","NZD","https://dataapi.autoplay.co.nz/image.ashx?id=98006216&w=500&h=375&l=true","https://www.avoncityford.com/vehicles/stock/47425/1002/ford-ranger-tremor-3-0l-v6-turbo-diesel-double-cab-4wd","Command Grey","100"
"165752","165752","NEW","Sockburn","SOCKBURN","New Cars","2026","Ford","Everest","Wildtrak 3.0 V6 Turbo Diesel 7 Seater SUV 4WD","2026 Ford Everest Wildtrak 3.0 V6 Turbo Diesel 7 Seater SUV 4WD","88990","83990","NZD","https://dataapi.autoplay.co.nz/image.ashx?id=97976962&w=500&h=375&l=true","https://www.avoncityford.com/vehicles/stock/47391/1002/ford-everest-wildtrak-3-0-v6-turbo-diesel-7-seater-suv-4wd","Snow flake pearl white","100"
"165754","165754","NEW","Sockburn","SOCKBURN","New Cars","2026","Ford","Everest","Active 2.0L Diesel 4WD 7 Seater SUV","2026 Ford Everest Active 2.0L Diesel 4WD 7 Seater SUV","68990","65490","NZD","https://dataapi.autoplay.co.nz/image.ashx?id=98006665&w=500&h=375&l=true","https://www.avoncityford.com/vehicles/stock/47424/1002/ford-everest-active-2-0l-diesel-4wd-7-seater-suv","Meteor Grey","100"
"165765","165765","NEW","Sockburn","SOCKBURN","New Cars","2026","Ford","Ranger","Platinum 3.0 V6 Turbo Diesel 4WD","2026 Ford Ranger Platinum 3.0 V6 Turbo Diesel 4WD","92990","86990","NZD","https://dataapi.autoplay.co.nz/image.ashx?id=98257789&w=500&h=375&l=true","https://www.avoncityford.com/vehicles/stock/37261/1002/ford-ranger-platinum-3-0-v6-turbo-diesel-4wd","Shadow Black","100"
"165766","165766","NEW","Sockburn","SOCKBURN","New Cars","2026","Ford","Everest","Sport 3.0L V6 Turbo Diesel 4WD 7 Seater SUV","2026 Ford Everest Sport 3.0L V6 Turbo Diesel 4WD 7 Seater SUV","85990","80990","NZD","https://dataapi.autoplay.co.nz/image.ashx?id=98257806&w=500&h=375&l=true","https://www.avoncityford.com/vehicles/stock/47475/1002/ford-everest-sport-3-0l-v6-turbo-diesel-4wd-7-seater-suv","Aluminium","100"
"165773","165773","NEW","Sockburn","SOCKBURN","New Cars","2026","Ford","Ranger","Wildtrak 3.0L V6 Diesel 4WD","2026 Ford Ranger Wildtrak 3.0L V6 Diesel 4WD","85990","79490","NZD","https://dataapi.autoplay.co.nz/image.ashx?id=98258058&w=500&h=375&l=true","https://www.avoncityford.com/vehicles/stock/37050/1002/ford-ranger-wildtrak-3-0l-v6-diesel-4wd","Shadow Black","0"
"165778","165778","NEW","Sockburn","SOCKBURN","New Cars","2026","Ford","Ranger","XLT 2.0L Turbo Diesel Double Cab 2WD","2026 Ford Ranger XLT 2.0L Turbo Diesel Double Cab 2WD","55990","49980","NZD","https://dataapi.autoplay.co.nz/image.ashx?id=98418673&w=500&h=375&l=true","https://www.avoncityford.com/vehicles/stock/47511/1002/ford-ranger-xlt-2-0l-turbo-diesel-double-cab-2wd","Arctic White","100"
"165779","165779","NEW","Sockburn","SOCKBURN","New Cars","2026","Ford","Everest","Active 2.0L Diesel 4WD 7 Seater SUV","2026 Ford Everest Active 2.0L Diesel 4WD 7 Seater SUV","68990","65490","NZD","https://dataapi.autoplay.co.nz/image.ashx?id=98747896&w=500&h=375&l=true","https://www.avoncityford.com/vehicles/stock/47640/1002/ford-everest-active-2-0l-diesel-4wd-7-seater-suv","Absolute Black","100"
"165782","165782","NEW","Sockburn","SOCKBURN","New Cars","2026","Ford","Everest","Sport 3.0L V6 Turbo Diesel 4WD 7 Seater SUV","2026 Ford Everest Sport 3.0L V6 Turbo Diesel 4WD 7 Seater SUV","85990","","NZD","https://dataapi.autoplay.co.nz/image.ashx?id=98670556&w=500&h=375&l=true","https://www.avoncityford.com/vehicles/stock/47614/1002/ford-everest-sport-3-0l-v6-turbo-diesel-4wd-7-seater-suv","Arctic White","100"
"41644","41644","DEMO","Rangiora","RANGIORA","Rangiora Demo","2026","Ford","Escape","Titanium 2.5 L Hybrid","2026 Ford Escape Titanium 2.5 L Hybrid","51990","","NZD","https://dataapi.autoplay.co.nz/image.ashx?id=94569075&w=500&h=375&l=true","https://www.avoncityford.com/vehicles/stock/147608/1077/ford-escape-titanium-2-5-l-hybrid","Bursting Green","1000"
"54173","54173","NEW","Sockburn","SOCKBURN","New Cars","2026","Ford","Tourneo","Transit Courier Active 1.0L Petrol 7 Speed Auto","2026 Ford Tourneo Transit Courier Active 1.0L Petrol 7 Speed Auto","55990","35990","NZD","https://dataapi.autoplay.co.nz/image.ashx?id=90412931&w=500&h=375&l=true","https://www.avoncityford.com/vehicles/stock/47445/1002/ford-tourneo-transit-courier-active-1-0l-petrol-7-speed-auto","Bursting Green","100"
"70459","70459","DEMO","Sockburn","SOCKBURN","Demo Cars","2026","Ford","Escape","St-Line X AWD FHEV","2026 Ford Escape St-Line X AWD FHEV","56990","","NZD","https://dataapi.autoplay.co.nz/image.ashx?id=96877023&w=500&h=375&l=true","https://www.avoncityford.com/vehicles/stock/147398/1002/ford-escape-st-line-x-awd-fhev","Frozen White","6413"
"71790","71790","NEW","Sockburn","SOCKBURN","New Cars","2026","Ford","Tourneo","Courier Active 1.0L Petrol 7 Speed Auto","2026 Ford Tourneo Courier Active 1.0L Petrol 7 Speed Auto","55990","35990","NZD","https://dataapi.autoplay.co.nz/image.ashx?id=90779233&w=500&h=375&l=true","https://www.avoncityford.com/vehicles/stock/47446/1002/ford-tourneo-courier-active-1-0l-petrol-7-speed-auto","Agate Black","100"
"77783","77783","DEMO","Sockburn","SOCKBURN","Demo Cars","2026","Ford","Puma","St-Line 1.0L Mid Hybrid","2026 Ford Puma St-Line 1.0L Mid Hybrid","35990","34990","NZD","https://dataapi.autoplay.co.nz/image.ashx?id=96390539&w=500&h=375&l=true","https://www.avoncityford.com/vehicles/stock/146716/1002/ford-puma-st-line-1-0l-mid-hybrid","Frozen White","7227"
"79893","79893","DEMO","Sockburn","SOCKBURN","Demo Cars","2026","Ford","Puma","St-Line 1.0L Mid Hybrid","2026 Ford Puma St-Line 1.0L Mid Hybrid","35990","","NZD","https://dataapi.autoplay.co.nz/image.ashx?id=97241392&w=500&h=375&l=true","https://www.avoncityford.com/vehicles/stock/147666/1002/ford-puma-st-line-1-0l-mid-hybrid","Frozen White","5171"
"79895","79895","DEMO","Sockburn","SOCKBURN","Demo Cars","2026","Ford","Puma","St-Line 1.0L Mid Hybrid","2026 Ford Puma St-Line 1.0L Mid Hybrid","35990","","NZD","https://dataapi.autoplay.co.nz/image.ashx?id=97078334&w=500&h=375&l=true","https://www.avoncityford.com/vehicles/stock/147076/1077/ford-puma-st-line-1-0l-mid-hybrid","Frozen White","6058"
"85258","85258","DEMO","Sockburn","SOCKBURN","Demo Cars","2026","Ford","Puma","St-Line 1.0L Mid Hybrid","2026 Ford Puma St-Line 1.0L Mid Hybrid","35990","","NZD","https://dataapi.autoplay.co.nz/image.ashx?id=97924200&w=500&h=375&l=true","https://www.avoncityford.com/vehicles/stock/158951/1002/ford-puma-st-line-1-0l-mid-hybrid","Frozen White","6889"
"95141","95141","USED","Sockburn","SOCKBURN","Used Cars","2025","Ford","Everest","New Gen Sport 4WD 2.0 Bi Turbo 10spd ON SALE","2025 Ford Everest New Gen Sport 4WD 2.0 Bi Turbo 10spd ON SALE","74990","66995","NZD","https://dataapi.autoplay.co.nz/image.ashx?id=92421976&w=500&h=375&l=true","https://www.avoncityford.com/vehicles/stock/130712/1002/ford-everest-new-gen-sport-4wd-2-0-bi-turbo-10spd-on-sale","Blue Lightning","17500"
"95183","95183","USED","Sockburn","SOCKBURN","Used Cars","2025","Ford","Everest","New Gen Sport 4WD 2.0 Bi Turbo 7str","2025 Ford Everest New Gen Sport 4WD 2.0 Bi Turbo 7str","65990","","NZD","https://dataapi.autoplay.co.nz/image.ashx?id=92799663&w=500&h=375&l=true","https://www.avoncityford.com/vehicles/stock/130713/1002/ford-everest-new-gen-sport-4wd-2-0-bi-turbo-7str","Aluminium Silver","18500"
"95232","95232","USED","Sockburn","SOCKBURN","Used Cars","2025","Ford","Ranger","New Gen Wildtrak 4WD 3.0 V6 T.Diesel 10spd","2025 Ford Ranger New Gen Wildtrak 4WD 3.0 V6 T.Diesel 10spd","73990","69990","NZD","https://dataapi.autoplay.co.nz/image.ashx?id=93265774&w=500&h=375&l=true","https://www.avoncityford.com/vehicles/stock/159588/1002/ford-ranger-new-gen-wildtrak-4wd-3-0-v6-t-diesel-10spd","Luxe Yellow","25000"
"95264","95264","USED","Sockburn","SOCKBURN","Used Cars","2025","Mahindra","XUV700","AX7L 2.0 litre 6spd Auto 7 Seater ON SALE","2025 Mahindra XUV700 AX7L 2.0 litre 6spd Auto 7 Seater ON SALE","39990","33995","NZD","https://dataapi.autoplay.co.nz/image.ashx?id=94198720&w=500&h=375&l=true","https://www.avoncityford.com/vehicles/stock/143445/1002/mahindra-xuv700-ax7l-2-0-litre-6spd-auto-7-seater-on-sale","Platinum White","12634"
"95276","95276","USED","Rangiora","RANGIORA","Used Cars","2025","Mahindra","XUV700","AX7L 2.0 litre 6 spd Auto ON SALE","2025 Mahindra XUV700 AX7L 2.0 litre 6 spd Auto ON SALE","35990","33995","NZD","https://dataapi.autoplay.co.nz/image.ashx?id=98223749&w=500&h=375&l=true","https://www.avoncityford.com/vehicles/stock/159430/1077/mahindra-xuv700-ax7l-2-0-litre-6-spd-auto-on-sale","Silver Metallic","12202"
"95285","95285","USED","Sockburn","SOCKBURN","Used Cars","2025","Ford","Ranger","New Gen Sport 4WD 2.0 Bi-Turbo 10spd SALE","2025 Ford Ranger New Gen Sport 4WD 2.0 Bi-Turbo 10spd SALE","61990","56990","NZD","https://dataapi.autoplay.co.nz/image.ashx?id=93631243&w=500&h=375&l=true","https://www.avoncityford.com/vehicles/stock/142415/1002/ford-ranger-new-gen-sport-4wd-2-0-bi-turbo-10spd-sale","WHITE","17000"
"95305","95305","USED","Sockburn","SOCKBURN","Used Cars","2025","Mahindra","XUV700","AX7L 2.0 litre 6 spd Auto 7 Seater ON SALE","2025 Mahindra XUV700 AX7L 2.0 litre 6 spd Auto 7 Seater ON SALE","41990","33995","NZD","https://dataapi.autoplay.co.nz/image.ashx?id=93666494&w=500&h=375&l=true","https://www.avoncityford.com/vehicles/stock/142526/1002/mahindra-xuv700-ax7l-2-0-litre-6-spd-auto-7-seater-on-sale","BLUE","10458"
"95344","95344","USED","Rangiora","RANGIORA","Used Cars","2025","Ford","Everest","New Gen Trend 4WD 2.0L 7-Seater","2025 Ford Everest New Gen Trend 4WD 2.0L 7-Seater","59995","","NZD","https://dataapi.autoplay.co.nz/image.ashx?id=95086442&w=500&h=375&l=true","https://www.avoncityford.com/vehicles/stock/159656/1077/ford-everest-new-gen-trend-4wd-2-0l-7-seater","Meteor Grey","19000"
"95400","95400","USED","Sockburn","SOCKBURN","Used Cars","2021","Ford","Everest","Sport 4WD 2.0L Bi-Turbo 7-Seater","2021 Ford Everest Sport 4WD 2.0L Bi-Turbo 7-Seater","42995","","NZD","https://dataapi.autoplay.co.nz/image.ashx?id=94960191&w=500&h=375&l=true","https://www.avoncityford.com/vehicles/stock/148316/1002/ford-everest-sport-4wd-2-0l-bi-turbo-7-seater","Deep Crystal Blue","83000"
"95415","95415","USED","Sockburn","SOCKBURN","Used Cars","2025","Ford","Ranger","New Gen Sport 4WD 2.0 Bi Turbo 10spd","2025 Ford Ranger New Gen Sport 4WD 2.0 Bi Turbo 10spd","55995","","NZD","https://dataapi.autoplay.co.nz/image.ashx?id=95117568&w=500&h=375&l=true","https://www.avoncityford.com/vehicles/stock/144800/1002/ford-ranger-new-gen-sport-4wd-2-0-bi-turbo-10spd","Arctic White","27000"
"95417","95417","USED","Rangiora","RANGIORA","Rangiora Used","2025","Ford","Ranger","New Gen Sport 4WD 2.0 Bi Turbo 10spd","2025 Ford Ranger New Gen Sport 4WD 2.0 Bi Turbo 10spd","56990","","NZD","https://dataapi.autoplay.co.nz/image.ashx?id=95735607&w=500&h=375&l=true","https://www.avoncityford.com/vehicles/stock/147085/1077/ford-ranger-new-gen-sport-4wd-2-0-bi-turbo-10spd","Meteor Grey","23242"
"95445","95445","USED","Rangiora","RANGIORA","Used Cars","2023","Ford","Puma","ST-Line 1.0 MHEV Mild Hybrid Electric","2023 Ford Puma ST-Line 1.0 MHEV Mild Hybrid Electric","21995","","NZD","https://dataapi.autoplay.co.nz/image.ashx?id=95837627&w=500&h=375&l=true","https://www.avoncityford.com/vehicles/stock/159881/1077/ford-puma-st-line-1-0-mhev-mild-hybrid-electric","Desert Island Blue","83000"
"95455","95455","USED","Sockburn","SOCKBURN","Used Cars","2025","Ford","Ranger","New Gen Wildtrak 4WD 3.0L V6 TD 10spd ON SALE","2025 Ford Ranger New Gen Wildtrak 4WD 3.0L V6 TD 10spd ON SALE","73990","71990","NZD","https://dataapi.autoplay.co.nz/image.ashx?id=96297442&w=500&h=375&l=true","https://www.avoncityford.com/vehicles/stock/159205/1002/ford-ranger-new-gen-wildtrak-4wd-3-0l-v6-td-10spd-on-sale","Shadow Black","28670"
"95465","95465","USED","Rangiora","RANGIORA","Used Cars","2023","Ford","Everest","New Gen Platinum 4WD 3.0 V6 TD 7 Seater","2023 Ford Everest New Gen Platinum 4WD 3.0 V6 TD 7 Seater","66990","","NZD","https://dataapi.autoplay.co.nz/image.ashx?id=96316306&w=500&h=375&l=true","https://www.avoncityford.com/vehicles/stock/159381/1077/ford-everest-new-gen-platinum-4wd-3-0-v6-td-7-seater","Aluminium Silver","89166"
"95484","95484","USED","Rangiora","RANGIORA","Rangiora Used","2026","Ford","Everest","New Gen Sport 4WD 2.0 Bi Turbo 7 str ON SALE","2026 Ford Everest New Gen Sport 4WD 2.0 Bi Turbo 7 str ON SALE","69990","67990","NZD","https://dataapi.autoplay.co.nz/image.ashx?id=95913962&w=500&h=375&l=true","https://www.avoncityford.com/vehicles/stock/147710/1077/ford-everest-new-gen-sport-4wd-2-0-bi-turbo-7-str-on-sale","Blue Lightning","15665"
"95489","95489","USED","Sockburn","SOCKBURN","Used Cars","2026","Ford","Everest","New Gen Sport 4WD 2.0 Bi Turbo 7 Seater","2026 Ford Everest New Gen Sport 4WD 2.0 Bi Turbo 7 Seater","69995","","NZD","https://dataapi.autoplay.co.nz/image.ashx?id=95989100&w=500&h=375&l=true","https://www.avoncityford.com/vehicles/stock/146108/1002/ford-everest-new-gen-sport-4wd-2-0-bi-turbo-7-seater","Meteor Grey","15000"
"95496","95496","USED","Rangiora","RANGIORA","Used Cars","2024","Ford","Ranger","Tremor 4WD 2.0 Bi Turbo 10spd ON SALE","2024 Ford Ranger Tremor 4WD 2.0 Bi Turbo 10spd ON SALE","57990","54990","NZD","https://dataapi.autoplay.co.nz/image.ashx?id=95760326&w=500&h=375&l=true","https://www.avoncityford.com/vehicles/stock/160063/1077/ford-ranger-tremor-4wd-2-0-bi-turbo-10spd-on-sale","Arctic White","15288"
"95519","95519","USED","Sockburn","SOCKBURN","Rangiora Used","2025","Ford","Ranger","New Gen Wildtrak 4WD 3.0TD V6 10spd SALE","2025 Ford Ranger New Gen Wildtrak 4WD 3.0TD V6 10spd SALE","73990","72990","NZD","https://dataapi.autoplay.co.nz/image.ashx?id=96400356&w=500&h=375&l=true","https://www.avoncityford.com/vehicles/stock/159178/1077/ford-ranger-new-gen-wildtrak-4wd-3-0td-v6-10spd-sale","White","27072"
"95520","95520","USED","Sockburn","SOCKBURN","Used Cars","2026","Ford","Everest","New Gen Sport 4WD 2.0 Bi Turbo 10spd 7 str SALE","2026 Ford Everest New Gen Sport 4WD 2.0 Bi Turbo 10spd 7 str SALE","69990","68990","NZD","https://dataapi.autoplay.co.nz/image.ashx?id=96538738&w=500&h=375&l=true","https://www.avoncityford.com/vehicles/stock/148322/1002/ford-everest-new-gen-sport-4wd-2-0-bi-turbo-10spd-7-str-sale","Arctic White","16943"
"95526","95526","USED","Sockburn","SOCKBURN","Used Cars","2024","Ford","Ranger","New Gen Sport 4WD 2.0 Bi Turbo 10spd SALE","2024 Ford Ranger New Gen Sport 4WD 2.0 Bi Turbo 10spd SALE","54990","52990","NZD","https://dataapi.autoplay.co.nz/image.ashx?id=96316329&w=500&h=375&l=true","https://www.avoncityford.com/vehicles/stock/148317/1002/ford-ranger-new-gen-sport-4wd-2-0-bi-turbo-10spd-sale","Aluminium Silver","29561"
"95565","95565","USED","Rangiora","RANGIORA","Rangiora Used","2020","Ford","Ranger","Wildtrak 2.0D/4Wd","2020 Ford Ranger Wildtrak 2.0D/4Wd","35990","34990","NZD","https://dataapi.autoplay.co.nz/image.ashx?id=96956627&w=500&h=375&l=true","https://www.avoncityford.com/vehicles/stock/147492/1077/ford-ranger-wildtrak-2-0d-4wd","ORANGE","160459"
"95567","95567","USED","Sockburn","SOCKBURN","Used Cars","2016","Kia","Sportage","Urban EX 2.0 litre 6spd Auto NZ New","2016 Kia Sportage Urban EX 2.0 litre 6spd Auto NZ New","16690","","NZD","https://dataapi.autoplay.co.nz/image.ashx?id=97181634&w=500&h=375&l=true","https://www.avoncityford.com/vehicles/stock/147896/1002/kia-sportage-urban-ex-2-0-litre-6spd-auto-nz-new","Sunset Red","133471"
"95568","95568","USED","Sockburn","SOCKBURN","Used Cars","2018","Mitsubishi","Outlander","LS 2.4L CVT 7 Seater NZ New","2018 Mitsubishi Outlander LS 2.4L CVT 7 Seater NZ New","19990","","NZD","https://dataapi.autoplay.co.nz/image.ashx?id=97377590&w=500&h=375&l=true","https://www.avoncityford.com/vehicles/stock/148313/1002/mitsubishi-outlander-ls-2-4l-cvt-7-seater-nz-new","WHITE","119550"
"95577","95577","USED","Sockburn","SOCKBURN","Rangiora Used","2023","Ford","Puma","ST-Line 1.0L Mild Hybrid","2023 Ford Puma ST-Line 1.0L Mild Hybrid","21990","","NZD","https://dataapi.autoplay.co.nz/image.ashx?id=97080783&w=500&h=375&l=true","https://www.avoncityford.com/vehicles/stock/148540/1077/ford-puma-st-line-1-0l-mild-hybrid","Solar Silver","83784"
"95581","95581","USED","Sockburn","SOCKBURN","Used Cars","2023","Ford","Puma","ST-Line 1.0L Mild Hybrid","2023 Ford Puma ST-Line 1.0L Mild Hybrid","21990","","NZD","https://dataapi.autoplay.co.nz/image.ashx?id=97441564&w=500&h=375&l=true","https://www.avoncityford.com/vehicles/stock/148160/1002/ford-puma-st-line-1-0l-mild-hybrid","Desert Island Blue","79211"
"95593","95593","USED","Sockburn","SOCKBURN","Used Cars","2026","Ford","Transit","Tourneo Custom Sport 9 Seater","2026 Ford Transit Tourneo Custom Sport 9 Seater","69990","","NZD","https://dataapi.autoplay.co.nz/image.ashx?id=98287610&w=500&h=375&l=true","https://www.avoncityford.com/vehicles/stock/159382/1002/ford-transit-tourneo-custom-sport-9-seater","Digital Aqua Blue","13777"
"95597","95597","USED","Sockburn","SOCKBURN","Used Cars","2025","Ford","Escape","ST-Line X AWD FHEV 2.5L Full Hybrid Electric","2025 Ford Escape ST-Line X AWD FHEV 2.5L Full Hybrid Electric","48990","","NZD","https://dataapi.autoplay.co.nz/image.ashx?id=97142413&w=500&h=375&l=true","https://www.avoncityford.com/vehicles/stock/147774/1002/ford-escape-st-line-x-awd-fhev-2-5l-full-hybrid-electric","Shadow Black","13241"
"95599","95599","USED","Rangiora","RANGIORA","Rangiora Used","2018","Nissan","Navara","RX 2WD Tipper flat deck","2018 Nissan Navara RX 2WD Tipper flat deck","22990","","NZD","https://dataapi.autoplay.co.nz/image.ashx?id=97541520&w=500&h=375&l=true","https://www.avoncityford.com/vehicles/stock/159177/1077/nissan-navara-rx-2wd-tipper-flat-deck","GREY","143666"
"95604","95604","USED","Sockburn","SOCKBURN","Rangiora Used","2015","Subaru","Forester","AWD Hatch 2.0L Eyesight CVT Auto","2015 Subaru Forester AWD Hatch 2.0L Eyesight CVT Auto","16990","","NZD","https://dataapi.autoplay.co.nz/image.ashx?id=97429281&w=500&h=375&l=true","https://www.avoncityford.com/vehicles/stock/159989/1077/subaru-forester-awd-hatch-2-0l-eyesight-cvt-auto","WHITE","56373"
"95606","95606","USED","Sockburn","SOCKBURN","Used Cars","2019","Ford","Ranger","PX3 Wildtrak 4WD 3.2TD","2019 Ford Ranger PX3 Wildtrak 4WD 3.2TD","38990","","NZD","https://dataapi.autoplay.co.nz/image.ashx?id=97275868&w=500&h=375&l=true","https://www.avoncityford.com/vehicles/stock/147945/1002/ford-ranger-px3-wildtrak-4wd-3-2td","Saber Orange","84252"
"95607","95607","USED","Sockburn","SOCKBURN","Used Cars","2023","Ford","Puma","ST-Line 1.0L Mild Hybrid","2023 Ford Puma ST-Line 1.0L Mild Hybrid","21990","","NZD","https://dataapi.autoplay.co.nz/image.ashx?id=97273793&w=500&h=375&l=true","https://www.avoncityford.com/vehicles/stock/147944/1002/ford-puma-st-line-1-0l-mild-hybrid","Magnetic Grey","72541"
"95609","95609","USED","Sockburn","SOCKBURN","Used Cars","2025","Ford","Escape","ST-Line X AWD FHEV 2.5 litre","2025 Ford Escape ST-Line X AWD FHEV 2.5 litre","47990","","NZD","https://dataapi.autoplay.co.nz/image.ashx?id=97579386&w=500&h=375&l=true","https://www.avoncityford.com/vehicles/stock/148508/1002/ford-escape-st-line-x-awd-fhev-2-5-litre","White","26598"
"95611","95611","USED","Sockburn","SOCKBURN","Used Cars","2025","Ford","Puma","ST-Line 1.0L Mild Hybrid","2025 Ford Puma ST-Line 1.0L Mild Hybrid","34990","","NZD","https://dataapi.autoplay.co.nz/image.ashx?id=97579445&w=500&h=375&l=true","https://www.avoncityford.com/vehicles/stock/148507/1002/ford-puma-st-line-1-0l-mild-hybrid","Solar Silver","4193"
"95612","95612","USED","Sockburn","SOCKBURN","Used Cars","2016","Mercedes-Benz","A- Class","A180 1.6 litre 7spd Auto NZ New","2016 Mercedes-Benz A- Class A180 1.6 litre 7spd Auto NZ New","15990","","NZD","https://dataapi.autoplay.co.nz/image.ashx?id=97429311&w=500&h=375&l=true","https://www.avoncityford.com/vehicles/stock/148158/1002/mercedes-benz-a-class-a180-1-6-litre-7spd-auto-nz-new","Silver Metallic","70582"
"95620","95620","USED","Sockburn","SOCKBURN","Used Cars","2023","Ford","Puma","ST-Line 1.0L Mild Hybrid","2023 Ford Puma ST-Line 1.0L Mild Hybrid","21990","","NZD","https://dataapi.autoplay.co.nz/image.ashx?id=98325725&w=500&h=375&l=true","https://www.avoncityford.com/vehicles/stock/159429/1002/ford-puma-st-line-1-0l-mild-hybrid","Frozen White","72839"
"95626","95626","USED","Sockburn","SOCKBURN","Rangiora Used","2022","Toyota","Hilux","SR5 Cruiser 4WD 2.8TD D/Cab Flatdeck NZ New","2022 Toyota Hilux SR5 Cruiser 4WD 2.8TD D/Cab Flatdeck NZ New","56990","","NZD","https://dataapi.autoplay.co.nz/image.ashx?id=98363720&w=500&h=375&l=true","https://www.avoncityford.com/vehicles/stock/159474/1077/toyota-hilux-sr5-cruiser-4wd-2-8td-d-cab-flatdeck-nz-new","Aluminium Silver","95990"
"95627","95627","USED","Sockburn","SOCKBURN","Rangiora Used","2023","Nissan","Navara","ST-X 4WD 2.3L Twin-Turbo Diesel","2023 Nissan Navara ST-X 4WD 2.3L Twin-Turbo Diesel","42990","","NZD","https://dataapi.autoplay.co.nz/image.ashx?id=97985954&w=500&h=375&l=true","https://www.avoncityford.com/vehicles/stock/159990/1077/nissan-navara-st-x-4wd-2-3l-twin-turbo-diesel","GREY","48483"
"95629","95629","USED","Sockburn","SOCKBURN","Used Cars","2025","Skoda","Fabia","Monte Carlo 110Kw Black Design Pack","2025 Skoda Fabia Monte Carlo 110Kw Black Design Pack","36990","","NZD","https://dataapi.autoplay.co.nz/image.ashx?id=97608171&w=500&h=375&l=true","https://www.avoncityford.com/vehicles/stock/148554/1002/skoda-fabia-monte-carlo-110kw-black-design-pack","Onyx Black","8240"
"95633","95633","USED","Sockburn","SOCKBURN","Used Cars","2024","GWM","Cannon","Alpha Ultra HEV 2.0L Petrol","2024 GWM Cannon Alpha Ultra HEV 2.0L Petrol","49990","","NZD","https://dataapi.autoplay.co.nz/image.ashx?id=97615282&w=500&h=375&l=true","https://www.avoncityford.com/vehicles/stock/148555/1002/gwm-cannon-alpha-ultra-hev-2-0l-petrol","Metallic Candy Red","32500"
"95638","95638","USED","Sockburn","SOCKBURN","Used Cars","2024","Ford","Everest","New Gen Sport 4WD 2.0 Bi Turbo 7 Seater 10spd","2024 Ford Everest New Gen Sport 4WD 2.0 Bi Turbo 7 Seater 10spd","56990","","NZD","https://dataapi.autoplay.co.nz/image.ashx?id=98224102&w=500&h=375&l=true","https://www.avoncityford.com/vehicles/stock/159486/1002/ford-everest-new-gen-sport-4wd-2-0-bi-turbo-7-seater-10spd","Arctic White","64665"
"95639","95639","USED","Sockburn","SOCKBURN","Rangiora Used","2024","Ford","Ranger","New Gen Sport 4WD 2.0L 10Spd","2024 Ford Ranger New Gen Sport 4WD 2.0L 10Spd","50990","","NZD","https://dataapi.autoplay.co.nz/image.ashx?id=97925330&w=500&h=375&l=true","https://www.avoncityford.com/vehicles/stock/159277/1077/ford-ranger-new-gen-sport-4wd-2-0l-10spd","WHITE","57631"
"95641","95641","USED","Sockburn","SOCKBURN","Used Cars","2021","Ford","Everest","Titanium 4WD 2.0L Bi Turbo 7 Seater","2021 Ford Everest Titanium 4WD 2.0L Bi Turbo 7 Seater","45990","","NZD","https://dataapi.autoplay.co.nz/image.ashx?id=97984837&w=500&h=375&l=true","https://www.avoncityford.com/vehicles/stock/159038/1002/ford-everest-titanium-4wd-2-0l-bi-turbo-7-seater","WHITE","70750"
"95642","95642","USED","Sockburn","SOCKBURN","Used Cars","2012","Ford","Ranger","PX 2WD 3.2TD XL Supercab Flatdeck","2012 Ford Ranger PX 2WD 3.2TD XL Supercab Flatdeck","15990","","NZD","https://dataapi.autoplay.co.nz/image.ashx?id=98584119&w=500&h=375&l=true","https://www.avoncityford.com/vehicles/stock/159800/1002/ford-ranger-px-2wd-3-2td-xl-supercab-flatdeck","SILVER","201616"
"95645","95645","USED","Sockburn","SOCKBURN","Rangiora Used","2024","Ford","Everest","New Gen Sport 4WD 2.0L Bi Turbo 7 Seater","2024 Ford Everest New Gen Sport 4WD 2.0L Bi Turbo 7 Seater","60990","","NZD","https://dataapi.autoplay.co.nz/image.ashx?id=97951499&w=500&h=375&l=true","https://www.avoncityford.com/vehicles/stock/159641/1077/ford-everest-new-gen-sport-4wd-2-0l-bi-turbo-7-seater","WHITE","31303"
"95647","95647","USED","Sockburn","SOCKBURN","Rangiora Used","2022","Ford","Ranger","New Gen XLT 4WD 2.0 Bi Turbo 10spd","2022 Ford Ranger New Gen XLT 4WD 2.0 Bi Turbo 10spd","35990","","NZD","https://dataapi.autoplay.co.nz/image.ashx?id=98019059&w=500&h=375&l=true","https://www.avoncityford.com/vehicles/stock/159473/1077/ford-ranger-new-gen-xlt-4wd-2-0-bi-turbo-10spd","WHITE","185462"
"95655","95655","USED","Sockburn","SOCKBURN","Used Cars","2026","Ford","Ranger","New Gen Platinum 4WD 3.0L 10Spd","2026 Ford Ranger New Gen Platinum 4WD 3.0L 10Spd","81990","","NZD","https://dataapi.autoplay.co.nz/image.ashx?id=97925197&w=500&h=375&l=true","https://www.avoncityford.com/vehicles/stock/158954/1002/ford-ranger-new-gen-platinum-4wd-3-0l-10spd","WHITE","13344"
"95662","95662","USED","Sockburn","SOCKBURN","Used Cars","2026","Ford","Everest","New Gen Sport 4WD 2.0L Bi Turbo 7 Seater","2026 Ford Everest New Gen Sport 4WD 2.0L Bi Turbo 7 Seater","71990","","NZD","https://dataapi.autoplay.co.nz/image.ashx?id=98322637&w=500&h=375&l=true","https://www.avoncityford.com/vehicles/stock/159432/1002/ford-everest-new-gen-sport-4wd-2-0l-bi-turbo-7-seater","Blue Lightning","13234"
"95663","95663","USED","Sockburn","SOCKBURN","Used Cars","2024","Ford","Ranger","New Gen XLT 4WD 2.0L","2024 Ford Ranger New Gen XLT 4WD 2.0L","47990","","NZD","https://dataapi.autoplay.co.nz/image.ashx?id=98139527&w=500&h=375&l=true","https://www.avoncityford.com/vehicles/stock/159202/1002/ford-ranger-new-gen-xlt-4wd-2-0l","WHITE","56551"
"95665","95665","USED","Sockburn","SOCKBURN","Used Cars","2026","Ford","Everest","New Gen Wildtrak 4WD 3.0L V6 TD 7 Seater","2026 Ford Everest New Gen Wildtrak 4WD 3.0L V6 TD 7 Seater","79990","","NZD","https://dataapi.autoplay.co.nz/image.ashx?id=98285825&w=500&h=375&l=true","https://www.avoncityford.com/vehicles/stock/159383/1002/ford-everest-new-gen-wildtrak-4wd-3-0l-v6-td-7-seater","Arctic White","9678"
"95667","95667","USED","Sockburn","SOCKBURN","Used Cars","2025","Ford","Mustang Mach-E","RWD 78KWH","2025 Ford Mustang Mach-E RWD 78KWH","61990","","NZD","https://dataapi.autoplay.co.nz/image.ashx?id=98755382&w=500&h=375&l=true","https://www.avoncityford.com/vehicles/stock/160064/1002/ford-mustang-mach-e-rwd-78kwh","GREEN","6390"
"95668","95668","USED","Sockburn","SOCKBURN","Used Cars","2025","Ford","Mustang Mach-E","RWD 78kwh Auto","2025 Ford Mustang Mach-E RWD 78kwh Auto","59990","","NZD","https://dataapi.autoplay.co.nz/image.ashx?id=98584573&w=500&h=375&l=true","https://www.avoncityford.com/vehicles/stock/159803/1002/ford-mustang-mach-e-rwd-78kwh-auto","Grabber Blue","12631"
"95669","95669","USED","Sockburn","SOCKBURN","Used Cars","2025","Ford","Ranger","New Gen XLT 4WD 2.0L","2025 Ford Ranger New Gen XLT 4WD 2.0L","52990","","NZD","https://dataapi.autoplay.co.nz/image.ashx?id=98524959&w=500&h=375&l=true","https://www.avoncityford.com/vehicles/stock/159705/1002/ford-ranger-new-gen-xlt-4wd-2-0l","BLACK","16175"
"95670","95670","USED","Sockburn","SOCKBURN","Used Cars","2026","Ford","Ranger","New Gen Stormtrak 4WD 2.3L PHEV","2026 Ford Ranger New Gen Stormtrak 4WD 2.3L PHEV","71990","","NZD","https://dataapi.autoplay.co.nz/image.ashx?id=98713468&w=500&h=375&l=true","https://www.avoncityford.com/vehicles/stock/159999/1002/ford-ranger-new-gen-stormtrak-4wd-2-3l-phev","Shadow Black","11802"
"95671","95671","USED","Sockburn","SOCKBURN","Used Cars","2025","Ford","Everest","New Gen Sport 4WD 2.0L Bi-Turbo 7-Seater","2025 Ford Everest New Gen Sport 4WD 2.0L Bi-Turbo 7-Seater","65990","","NZD","https://dataapi.autoplay.co.nz/image.ashx?id=98651054&w=500&h=375&l=true","https://www.avoncityford.com/vehicles/stock/159883/1002/ford-everest-new-gen-sport-4wd-2-0l-bi-turbo-7-seater","GREY","10325"
"95674","95674","USED","Sockburn","SOCKBURN","Used Cars","2025","Ford","Escape","ST-Line X PHEV AWD","2025 Ford Escape ST-Line X PHEV AWD","42990","","NZD","https://dataapi.autoplay.co.nz/image.ashx?id=98524892&w=500&h=375&l=true","https://www.avoncityford.com/vehicles/stock/159704/1002/ford-escape-st-line-x-phev-awd","GREY","14061"
"95676","95676","USED","Sockburn","SOCKBURN","Used Cars","2021","Ford","Ranger","PX3 Wildtrak-X 4WD 2.0L Bi-Turbo 10spd","2021 Ford Ranger PX3 Wildtrak-X 4WD 2.0L Bi-Turbo 10spd","43990","","NZD","https://dataapi.autoplay.co.nz/image.ashx?id=98584808&w=500&h=375&l=true","https://www.avoncityford.com/vehicles/stock/159802/1002/ford-ranger-px3-wildtrak-x-4wd-2-0l-bi-turbo-10spd","Saber Orange","77868"
"95681","95681","USED","Sockburn","SOCKBURN","Used Cars","2014","Nissan","X-Trail","ST-L AWD 2.5L","2014 Nissan X-Trail ST-L AWD 2.5L","13990","","NZD","https://dataapi.autoplay.co.nz/image.ashx?id=98679838&w=500&h=375&l=true","https://www.avoncityford.com/vehicles/stock/159940/1002/nissan-x-trail-st-l-awd-2-5l","BLACK","128270"
"95682","95682","USED","Sockburn","SOCKBURN","Used Cars","2023","Ford","Focus","ST Line-X 1.0L EcoBoost 7 spd Auto","2023 Ford Focus ST Line-X 1.0L EcoBoost 7 spd Auto","23990","","NZD","https://dataapi.autoplay.co.nz/image.ashx?id=98427120&w=500&h=375&l=true","https://www.avoncityford.com/vehicles/stock/159533/1002/ford-focus-st-line-x-1-0l-ecoboost-7-spd-auto","Fantastic Red","75066"
"95684","95684","USED","Sockburn","SOCKBURN","Used Cars","2025","Ford","Ranger","New Gen XLT 4WD 2.0 Bi Turbo 10spd","2025 Ford Ranger New Gen XLT 4WD 2.0 Bi Turbo 10spd","54990","","NZD","https://dataapi.autoplay.co.nz/image.ashx?id=93165576&w=500&h=375&l=true","https://www.avoncityford.com/vehicles/stock/159998/1002/ford-ranger-new-gen-xlt-4wd-2-0-bi-turbo-10spd","Aluminium Silver","22416"
"95685","95685","USED","Sockburn","SOCKBURN","Used Cars","2017","Mazda","CX-5","25S Proactive AWD","2017 Mazda CX-5 25S Proactive AWD","19990","","NZD","https://dataapi.autoplay.co.nz/image.ashx?id=98679794&w=500&h=375&l=true","https://www.avoncityford.com/vehicles/stock/159941/1002/mazda-cx-5-25s-proactive-awd","Black","98635"
"95688","95688","USED","Sockburn","SOCKBURN","Used Cars","2026","Ford","Everest","New Gen Platinum 4WD 3.0L V6 T.Diesel 7 str","2026 Ford Everest New Gen Platinum 4WD 3.0L V6 T.Diesel 7 str","83990","","NZD","https://dataapi.autoplay.co.nz/image.ashx?id=98363855&w=500&h=375&l=true","https://www.avoncityford.com/vehicles/stock/159487/1002/ford-everest-new-gen-platinum-4wd-3-0l-v6-t-diesel-7-str","Acacia Green","7362"
"95695","95695","USED","Sockburn","SOCKBURN","Used Cars","2024","Ford","Everest","New Gen Everest Sport 4WD 2.0L 7-Seater","2024 Ford Everest New Gen Everest Sport 4WD 2.0L 7-Seater","55990","","NZD","https://dataapi.autoplay.co.nz/image.ashx?id=98644408&w=500&h=375&l=true","https://www.avoncityford.com/vehicles/stock/159882/1002/ford-everest-new-gen-everest-sport-4wd-2-0l-7-seater","Shadow Black","78680"
"95697","95697","USED","Sockburn","SOCKBURN","Used Cars","2026","Ford","Everest","New Gen Platinum 4WD 3.0L V6 7-Seater","2026 Ford Everest New Gen Platinum 4WD 3.0L V6 7-Seater","83990","","NZD","https://dataapi.autoplay.co.nz/image.ashx?id=98459844&w=500&h=375&l=true","https://www.avoncityford.com/vehicles/stock/159590/1002/ford-everest-new-gen-platinum-4wd-3-0l-v6-7-seater","WHITE","6810"
"95698","95698","USED","Sockburn","SOCKBURN","Used Cars","2026","Ford","Ranger","New Gen Wildtrak 4WD 3.0L TD V6 10spd","2026 Ford Ranger New Gen Wildtrak 4WD 3.0L TD V6 10spd","77990","","NZD","https://dataapi.autoplay.co.nz/image.ashx?id=98427109&w=500&h=375&l=true","https://www.avoncityford.com/vehicles/stock/159534/1002/ford-ranger-new-gen-wildtrak-4wd-3-0l-td-v6-10spd","Arctic White","8693"
"95699","95699","USED","Sockburn","SOCKBURN","Used Cars","2026","Ford","Ranger","New Gen Wildtrak 4WD 3.0L V6","2026 Ford Ranger New Gen Wildtrak 4WD 3.0L V6","77990","","NZD","https://dataapi.autoplay.co.nz/image.ashx?id=98459941&w=500&h=375&l=true","https://www.avoncityford.com/vehicles/stock/159589/1002/ford-ranger-new-gen-wildtrak-4wd-3-0l-v6","GREY","9144"
"95700","95700","USED","Sockburn","SOCKBURN","Used Cars","2025","Ford","Ranger","New Gen XLT 2WD 2.0L Bi-Turbo 10spd","2025 Ford Ranger New Gen XLT 2WD 2.0L Bi-Turbo 10spd","45990","","NZD","https://dataapi.autoplay.co.nz/image.ashx?id=98755628&w=500&h=375&l=true","https://www.avoncityford.com/vehicles/stock/160062/1002/ford-ranger-new-gen-xlt-2wd-2-0l-bi-turbo-10spd","Blue Lightning","16445"
"95707","95707","USED","Sockburn","SOCKBURN","Used Cars","2020","Ford","Endura","Titanium AWD 2.0L TDiesel 8spd","2020 Ford Endura Titanium AWD 2.0L TDiesel 8spd","25990","","NZD","https://dataapi.autoplay.co.nz/image.ashx?id=98679806&w=500&h=375&l=true","https://www.avoncityford.com/vehicles/stock/159942/1002/ford-endura-titanium-awd-2-0l-tdiesel-8spd","Rapid Red","41372"
"LUC542","LUC542","USED","Sockburn","SOCKBURN","Used Cars","2018","Ford","Ranger","PX2 Wildtrak 4WD 3.2 TDiesel","2018 Ford Ranger PX2 Wildtrak 4WD 3.2 TDiesel","30990","","NZD","https://dataapi.autoplay.co.nz/image.ashx?id=97986034&w=500&h=375&l=true","https://www.avoncityford.com/vehicles/stock/159036/1002/ford-ranger-px2-wildtrak-4wd-3-2-tdiesel","Ingot Silver","183044"
"NUR238","NUR238","USED","Sockburn","SOCKBURN","Rangiora Used","2021","Ford","Everest","Sport 4WD 2.0 Bi Turbo 7str 10spd","2021 Ford Everest Sport 4WD 2.0 Bi Turbo 7str 10spd","38990","","NZD","https://dataapi.autoplay.co.nz/image.ashx?id=98223755&w=500&h=375&l=true","https://www.avoncityford.com/vehicles/stock/158979/1077/ford-everest-sport-4wd-2-0-bi-turbo-7str-10spd","Arctic White","125079"
