"vehicle_id","year","make","model","description","body_style","drivetrain","mileage.value","mileage.unit","URL","title","price","state_of_vehicle","exterior_color","address.addr1","address.city","address.region","address.country","latitude","longitude","sale_price","fueltype","yardname","image[0].url","custom_label_0","custom_label_1"
"95344","2025","Ford","Everest","2025 Ford Everest New Gen Trend 4WD 2.0L 7-Seater","SUV","4WD","19000","KM","https://www.avoncityford.com/vehicles/stock/159656/1077/ford-everest-new-gen-trend-4wd-2-0l-7-seater","2025 Ford Everest New Gen Trend 4WD 2.0L 7-Seater","59995 NZD","USED","Meteor Grey","Corner Main South Road & Epsom Road<br/>Sockburn<br/>Christchurch","Christchurch","Canterbury","New Zealand","","","","Diesel","Used Cars","https://dataapi.autoplay.co.nz/image.ashx?id=95086442&w=500&h=375&l=true","","RANGIORA"
"95370","2025","Ford","Ranger","2025 Ford Ranger New Gen Wildtrak 4WD 2.0 Bi-Turbo","Other","4WD","30000","KM","https://www.avoncityford.com/vehicles/stock/159655/1077/ford-ranger-new-gen-wildtrak-4wd-2-0-bi-turbo","2025 Ford Ranger New Gen Wildtrak 4WD 2.0 Bi-Turbo","58990 NZD","USED","BLACK","Corner Main South Road & Epsom Road<br/>Sockburn<br/>Christchurch","Christchurch","Canterbury","New Zealand","","","","Diesel","Used Cars","https://dataapi.autoplay.co.nz/image.ashx?id=95172367&w=500&h=375&l=true","","RANGIORA"
"95445","2023","Ford","Puma","2023 Ford Puma ST-Line 1.0 MHEV Mild Hybrid Electric","SUV","","83000","KM","https://www.avoncityford.com/vehicles/stock/159881/1077/ford-puma-st-line-1-0-mhev-mild-hybrid-electric","2023 Ford Puma ST-Line 1.0 MHEV Mild Hybrid Electric","21995 NZD","USED","Desert Island Blue","Corner Main South Road & Epsom Road<br/>Sockburn<br/>Christchurch","Christchurch","Canterbury","New Zealand","","","","Petrol Hybrid","Used Cars","https://dataapi.autoplay.co.nz/image.ashx?id=95837627&w=500&h=375&l=true","","RANGIORA"
"95496","2024","Ford","Ranger","2024 Ford Ranger Tremor 4WD 2.0 Bi Turbo 10spd ON SALE","Other","4WD","15288","KM","https://www.avoncityford.com/vehicles/stock/147546/1077/ford-ranger-tremor-4wd-2-0-bi-turbo-10spd-on-sale","2024 Ford Ranger Tremor 4WD 2.0 Bi Turbo 10spd ON SALE","57990 NZD","USED","Arctic White","Corner Main South Road & Epsom Road<br/>Sockburn<br/>Christchurch","Christchurch","Canterbury","New Zealand","","","54990 NZD","Diesel","Used Cars","https://dataapi.autoplay.co.nz/image.ashx?id=95760326&w=500&h=375&l=true","SALE","RANGIORA"
"95465","2023","Ford","Everest","2023 Ford Everest New Gen Platinum 4WD 3.0 V6 TD 7 Seater","SUV","4WD","89166","KM","https://www.avoncityford.com/vehicles/stock/159381/1077/ford-everest-new-gen-platinum-4wd-3-0-v6-td-7-seater","2023 Ford Everest New Gen Platinum 4WD 3.0 V6 TD 7 Seater","66990 NZD","USED","Aluminium Silver","Corner Main South Road & Epsom Road<br/>Sockburn<br/>Christchurch","Christchurch","Canterbury","New Zealand","","","","Diesel","Used Cars","https://dataapi.autoplay.co.nz/image.ashx?id=96316306&w=500&h=375&l=true","","RANGIORA"
"95276","2025","Mahindra","XUV700","2025 Mahindra XUV700 AX7L 2.0 litre 6 spd Auto ON SALE","SUV","","12202","KM","https://www.avoncityford.com/vehicles/stock/159430/1077/mahindra-xuv700-ax7l-2-0-litre-6-spd-auto-on-sale","2025 Mahindra XUV700 AX7L 2.0 litre 6 spd Auto ON SALE","35990 NZD","USED","Silver Metallic","Corner Main South Road & Epsom Road<br/>Sockburn<br/>Christchurch","Christchurch","Canterbury","New Zealand","","","33995 NZD","Petrol","Used Cars","https://dataapi.autoplay.co.nz/image.ashx?id=98223749&w=500&h=375&l=true","SALE","RANGIORA"
"95417","2025","Ford","Ranger","2025 Ford Ranger New Gen Sport 4WD 2.0 Bi Turbo 10spd","Other","","23242","KM","https://www.avoncityford.com/vehicles/stock/147085/1077/ford-ranger-new-gen-sport-4wd-2-0-bi-turbo-10spd","2025 Ford Ranger New Gen Sport 4WD 2.0 Bi Turbo 10spd","56990 NZD","USED","Meteor Grey","Corner Main South Road & Epsom Road<br/>Sockburn<br/>Christchurch","Christchurch","Canterbury","New Zealand","","","","Diesel","Rangiora Used","https://dataapi.autoplay.co.nz/image.ashx?id=95735607&w=500&h=375&l=true","","RANGIORA"
"95484","2026","Ford","Everest","2026 Ford Everest New Gen Sport 4WD 2.0 Bi Turbo 7 str ON SALE","SUV","4WD","15665","KM","https://www.avoncityford.com/vehicles/stock/147710/1077/ford-everest-new-gen-sport-4wd-2-0-bi-turbo-7-str-on-sale","2026 Ford Everest New Gen Sport 4WD 2.0 Bi Turbo 7 str ON SALE","69990 NZD","USED","Blue Lightning","Corner Main South Road & Epsom Road<br/>Sockburn<br/>Christchurch","Christchurch","Canterbury","New Zealand","","","67990 NZD","Diesel","Rangiora Used","https://dataapi.autoplay.co.nz/image.ashx?id=95913962&w=500&h=375&l=true","SALE","RANGIORA"
"95565","2020","Ford","Ranger","2020 Ford Ranger Wildtrak 2.0D/4Wd","Other","","160459","KM","https://www.avoncityford.com/vehicles/stock/147492/1077/ford-ranger-wildtrak-2-0d-4wd","2020 Ford Ranger Wildtrak 2.0D/4Wd","35990 NZD","USED","ORANGE","Corner Main South Road & Epsom Road<br/>Sockburn<br/>Christchurch","Christchurch","Canterbury","New Zealand","","","34990 NZD","Diesel","Rangiora Used","https://dataapi.autoplay.co.nz/image.ashx?id=96956627&w=500&h=375&l=true","SALE","RANGIORA"
"95599","2018","Nissan","Navara","2018 Nissan Navara RX 2WD Tipper flat deck","Other","4WD","143666","KM","https://www.avoncityford.com/vehicles/stock/159177/1077/nissan-navara-rx-2wd-tipper-flat-deck","2018 Nissan Navara RX 2WD Tipper flat deck","22990 NZD","USED","GREY","Corner Main South Road & Epsom Road<br/>Sockburn<br/>Christchurch","Christchurch","Canterbury","New Zealand","","","","Diesel","Rangiora Used","https://dataapi.autoplay.co.nz/image.ashx?id=97541520&w=500&h=375&l=true","","RANGIORA"
"165148","2025","Ford","Ranger","2025 Ford Ranger Stormtrak Hybrid 2.3L Petrol PHEV 3500kg Towing","Other","4X4","9009","KM","https://www.avoncityford.com/vehicles/stock/147609/1077/ford-ranger-stormtrak-hybrid-2-3l-petrol-phev-3500kg-towing","2025 Ford Ranger Stormtrak Hybrid 2.3L Petrol PHEV 3500kg Towing","78990 NZD","USED","Agate Black","Corner Main South Road & Epsom Road<br/>Sockburn<br/>Christchurch","Christchurch","Canterbury","New Zealand","","","75990 NZD","Plugin Petrol Hybrid","Rangiora Demo","https://dataapi.autoplay.co.nz/image.ashx?id=96002112&w=500&h=375&l=true","SALE","RANGIORA"
"41644","2026","Ford","Escape","2026 Ford Escape Titanium 2.5 L Hybrid","SUV","FWD","1000","KM","https://www.avoncityford.com/vehicles/stock/147608/1077/ford-escape-titanium-2-5-l-hybrid","2026 Ford Escape Titanium 2.5 L Hybrid","51990 NZD","USED","Bursting Green","Corner Main South Road & Epsom Road<br/>Sockburn<br/>Christchurch","Christchurch","Canterbury","New Zealand","","","","Petrol Hybrid","Rangiora Demo","https://dataapi.autoplay.co.nz/image.ashx?id=94569075&w=500&h=375&l=true","","RANGIORA"
"16276","2026","Ford","Puma","2026 Ford Puma St-Line 1.0L Mid Hybrid","SUV","FWD","5831","KM","https://www.avoncityford.com/vehicles/stock/147076/1077/ford-puma-st-line-1-0l-mid-hybrid","2026 Ford Puma St-Line 1.0L Mid Hybrid","35990 NZD","USED","Frozen White","Corner Main South Road & Epsom Road<br/>Sockburn<br/>Christchurch","Christchurch","Canterbury","New Zealand","","","","Petrol Hybrid","Rangiora Demo","https://dataapi.autoplay.co.nz/image.ashx?id=96172283&w=500&h=375&l=true","","RANGIORA"
